time,latitude,longitude,depth,mag,magType,nst,gap,dmin,rms,net,id,updated,place,type,horizontalError,depthError,magError,magNst,status,locationSource,magSource
2018-10-31T21:01:53.670Z,19.4011669,-155.281662,0.54,1.97,ml,23,39,0.009517,0.14,hv,hv70677662,2018-10-31T21:07:34.950Z,"5km SW of Volcano, Hawaii",earthquake,0.17,0.2,0.22,12,automatic,hv,hv
2018-10-31T20:53:42.370Z,32.5936667,-116.9885,3.51,1.29,ml,20,242,0.05117,0.15,ci,ci37409914,2018-10-31T20:57:29.206Z,"7km SE of Chula Vista, CA",quarry blast,0.66,0.36,0.166,10,automatic,ci,ci
2018-10-31T20:52:59.570Z,37.6705017,-118.8186646,10.31,0.87,md,7,165,0.008555,0.04,nc,nc73104481,2018-10-31T20:54:34.366Z,"15km ENE of Mammoth Lakes, CA",earthquake,2.76,4,0.14,7,automatic,nc,nc
2018-10-31T20:43:27.610Z,37.6443329,-118.8528366,4.77,1.03,md,11,111,0.01489,0.03,nc,nc73104471,2018-10-31T20:45:04.463Z,"11km E of Mammoth Lakes, CA",earthquake,0.98,0.59,0.22,9,automatic,nc,nc
2018-10-31T20:38:24.736Z,61.0331,-151.8656,89.5,1.3,ml,,,,0.43,ak,ak20307070,2018-10-31T20:41:41.537Z,"49km NW of Nikiski, Alaska",earthquake,,1,,,automatic,ak,ak
2018-10-31T20:34:53.910Z,37.6483345,-118.8496704,5.05,1.2,md,11,123,0.01507,0.04,nc,nc73104461,2018-10-31T20:36:30.388Z,"11km E of Mammoth Lakes, CA",earthquake,0.79,1.38,0.14,11,automatic,nc,nc
2018-10-31T20:34:37.200Z,37.6518326,-118.8535004,3.53,1.04,md,9,133,0.01969,0.05,nc,nc73104456,2018-10-31T20:36:15.003Z,"11km E of Mammoth Lakes, CA",earthquake,0.77,1.05,0.16,9,automatic,nc,nc
2018-10-31T20:29:42.780Z,36.6795006,-121.3113327,5.14,2.2,md,5,164,0.2047,0.06,nc,nc73104436,2018-10-31T21:21:04.812Z,"12km S of Tres Pinos, CA",earthquake,1.31,3.66,,1,automatic,nc,nc
2018-10-31T20:23:13.290Z,37.6533318,-118.854332,3.61,0.94,md,8,124,0.02122,0.04,nc,nc73104426,2018-10-31T20:24:49.416Z,"11km E of Mammoth Lakes, CA",earthquake,1.6,1.49,0.23,7,automatic,nc,nc
2018-10-31T20:22:14.010Z,37.6471672,-118.8535004,4.76,1.07,md,12,116,0.01674,0.04,nc,nc73104421,2018-10-31T21:20:03.808Z,"11km E of Mammoth Lakes, CA",earthquake,0.87,0.69,0.41,11,automatic,nc,nc
2018-10-31T20:17:51.790Z,63.2629,-151.37,2.5,1.4,ml,,,,1,ak,ak20307068,2018-10-31T20:22:57.961Z,"122km NNW of Talkeetna, Alaska",earthquake,,0.6,,,automatic,ak,ak
2018-10-31T20:16:03.410Z,37.6445007,-118.8508301,4.97,1.65,md,20,84,0.01355,0.03,nc,nc73104406,2018-10-31T20:45:04.598Z,"11km E of Mammoth Lakes, CA",earthquake,0.28,0.49,0.31,21,automatic,nc,nc
2018-10-31T20:12:46.450Z,37.6538333,-118.8463333,5.57,0.34,md,9,133,0.01789,0.02,nc,nc73104396,2018-10-31T20:35:09.223Z,"12km E of Mammoth Lakes, CA",earthquake,0.9,31.61,0.058,6,reviewed,nc,nc
2018-10-31T20:03:42.600Z,37.6481667,-118.848,4.69,0.21,md,9,121,0.01402,0.04,nc,nc73104386,2018-10-31T20:57:04.664Z,"12km E of Mammoth Lakes, CA",earthquake,1.22,2.54,0.162,8,reviewed,nc,nc
2018-10-31T19:49:14.677Z,62.9377,-151.3406,117.4,1.6,ml,,,,0.34,ak,ak20307062,2018-10-31T19:54:02.509Z,"93km NW of Talkeetna, Alaska",earthquake,,1,,,automatic,ak,ak
2018-10-31T19:42:51.318Z,39.0556,-119.6755,7.9,1.3,ml,16,47.6,0.068,0.1814,nn,nn00663598,2018-10-31T20:15:27.235Z,"4km ENE of Johnson Lane, Nevada",earthquake,,1.1,0.37,10,reviewed,nn,nn
2018-10-31T19:41:07.670Z,35.0605,-118.339,-1.01,1.42,ml,20,44,0.06977,0.14,ci,ci37409842,2018-10-31T20:38:35.197Z,"13km SE of Tehachapi, CA",quarry blast,0.27,31.61,0.133,24,reviewed,ci,ci
2018-10-31T19:23:07.390Z,33.4956667,-116.7906667,5.28,0.3,ml,15,174,0.08261,0.09,ci,ci37409818,2018-10-31T20:43:24.000Z,"9km NE of Aguanga, CA",earthquake,0.24,0.71,0.068,5,reviewed,ci,ci
2018-10-31T19:10:35.490Z,36.047,-117.7183333,2.26,0.79,ml,13,72,0.04381,0.08,ci,ci37409810,2018-10-31T19:25:16.358Z,"21km E of Coso Junction, CA",earthquake,0.15,0.21,0.175,4,reviewed,ci,ci
2018-10-31T19:03:49.790Z,46.0001667,-112.4741667,-2,1.5,ml,7,112,0.059,0.1,mb,mb80317424,2018-10-31T19:34:47.540Z,"4km E of Butte, Montana",quarry blast,0.63,31.61,0.157,6,reviewed,mb,mb
2018-10-31T19:02:37.670Z,35.2918333,-118.5416667,7.62,1.04,ml,12,91,0.09888,0.1,ci,ci37409802,2018-10-31T20:27:10.835Z,"20km NNW of Tehachapi, CA",earthquake,0.25,0.63,0.173,10,reviewed,ci,ci
2018-10-31T18:46:30.610Z,38.8375015,-122.8373337,1.9,1.05,md,10,116,0.01821,0.03,nc,nc73104361,2018-10-31T18:48:18.397Z,"10km NW of The Geysers, CA",earthquake,0.33,0.63,,1,automatic,nc,nc
2018-10-31T18:45:13.890Z,37.6243333,-119.0318333,-0.47,1.02,md,11,73,0.006032,0.05,nc,nc73104356,2018-10-31T20:25:02.474Z,"5km WSW of Mammoth Lakes, CA",earthquake,0.19,0.26,0.432,9,reviewed,nc,nc
2018-10-31T18:42:22.482Z,69.5299,-144.2949,0.1,2,ml,,,,0.77,ak,ak20306918,2018-10-31T18:55:01.874Z,"71km SSW of Kaktovik, Alaska",earthquake,,1.3,,,automatic,ak,ak
2018-10-31T18:39:23.050Z,37.8325005,-121.980835,5.49,1.68,md,8,85,0.06702,0.03,nc,nc73104346,2018-10-31T19:33:04.397Z,"2km W of Diablo, CA",earthquake,0.34,0.74,0.15,7,automatic,nc,nc
2018-10-31T18:15:24.420Z,46.7626666666667,-119.289166666667,3.51,1.62,ml,17,109,,0.13,uw,uw61501792,2018-10-31T18:42:39.490Z,"11km SW of Othello, Washington",earthquake,0.35,0.64,0.125425230018557,16,reviewed,uw,uw
2018-10-31T18:03:25.770Z,33.8691667,-116.8948333,12.99,2.66,ml,119,22,0.08613,0.15,ci,ci37409762,2018-10-31T20:35:16.317Z,"6km SSW of Banning, CA",earthquake,0.09,0.24,0.178,149,reviewed,ci,ci
2018-10-31T18:01:15.610Z,37.5348333,-118.8296667,5.14,1,md,17,180,0.0551,0.02,nc,nc73104326,2018-10-31T20:35:03.537Z,"14km WSW of Toms Place, CA",earthquake,0.58,0.88,0.127,14,reviewed,nc,nc
2018-10-31T18:00:37.070Z,37.529335,-118.8291702,5.02,1.62,md,21,205,0.06059,0.02,nc,nc73104321,2018-10-31T20:01:03.351Z,"14km WSW of Toms Place, CA",earthquake,0.83,0.85,0.3,20,automatic,nc,nc
2018-10-31T17:53:40.710Z,43.6858333,-110.886,3.12,-0.36,ml,4,172,0.113,0.22,mb,mb80317409,2018-10-31T19:40:52.780Z,"18km N of Moose Wilson Road, Wyoming",earthquake,1.51,12.3,0.17,3,reviewed,mb,mb
2018-10-31T17:51:49.360Z,19.9248333,-156.0298333,40.41,2.22,md,39,208,0.2703,0.12,hv,hv70677492,2018-10-31T19:48:08.130Z,"21km W of Waikoloa Village, Hawaii",earthquake,0.52,0.85,0.059,17,reviewed,hv,hv
2018-10-31T17:51:44.636Z,62.5989,-152.0019,0,1.9,ml,,,,1.13,ak,ak20306779,2018-10-31T18:00:11.078Z,"102km WNW of Talkeetna, Alaska",earthquake,,0.2,,,automatic,ak,ak
2018-10-31T17:48:43.540Z,69.5194,-144.2923,0,2.6,ml,,,,0.81,ak,ak20306776,2018-10-31T18:00:11.328Z,"73km SSW of Kaktovik, Alaska",earthquake,,0.9,,,automatic,ak,ak
2018-10-31T17:37:02.810Z,46.2835,-111.6341667,-2,1.91,ml,7,181,0.324,0.36,mb,mb80317404,2018-10-31T19:43:58.500Z,"9km WSW of Townsend, Montana",quarry blast,2.53,31.61,0.009,2,reviewed,mb,mb
2018-10-31T17:27:26.910Z,19.4016666,-155.2823334,1.02,1.79,ml,17,58,0.01507,0.14,hv,hv70677482,2018-10-31T17:33:10.230Z,"5km SW of Volcano, Hawaii",earthquake,0.25,0.38,0.22,7,automatic,hv,hv
2018-10-31T17:26:26.176Z,61.3084,-150.7518,45.8,1.9,ml,,,,0.65,ak,ak20306768,2018-10-31T17:36:56.304Z,"46km WNW of Anchorage, Alaska",earthquake,,0.5,,,automatic,ak,ak
2018-10-31T17:25:23.180Z,45.1726667,-112.4275,6.14,0.74,ml,7,134,0.224,0.02,mb,mb80317399,2018-10-31T19:48:06.450Z,"17km ESE of Dillon, Montana",quarry blast,0.29,31.61,0.596,3,reviewed,mb,mb
2018-10-31T17:13:00.260Z,33.482,-116.7925,5.46,2.07,ml,23,63,0.03099,0.1,ci,ci37412181,2018-10-31T19:05:33.128Z,"8km ENE of Aguanga, CA",earthquake,0.19,0.38,0.171,25,reviewed,ci,ci
2018-10-31T17:12:55.150Z,33.479,-116.7923333,4.29,2.14,ml,69,28,0.03395,0.18,ci,ci37409722,2018-10-31T18:51:08.400Z,"8km ENE of Aguanga, CA",earthquake,0.16,0.4,0.185,30,reviewed,ci,ci
2018-10-31T17:12:12.030Z,33.4868333,-116.7866667,4.41,0.8,ml,25,104,0.02792,0.13,ci,ci37409714,2018-10-31T18:43:32.157Z,"9km NE of Aguanga, CA",earthquake,0.22,0.36,0.174,20,reviewed,ci,ci
2018-10-31T17:06:41.530Z,36.0855,-117.8761667,3.23,0.92,ml,16,163,0.03637,0.14,ci,ci37409690,2018-10-31T21:09:46.629Z,"8km NE of Coso Junction, CA",earthquake,0.3,0.47,0.131,10,reviewed,ci,ci
2018-10-31T16:59:28.880Z,34.0188333,-117.1175,8.39,1.76,ml,61,51,0.01712,0.22,ci,ci37409682,2018-10-31T18:22:44.440Z,"6km SSE of Mentone, CA",earthquake,0.26,0.64,0.114,24,reviewed,ci,ci
2018-10-31T16:47:08.320Z,19.3353333,-154.9986667,5.72,2.21,ml,47,214,0.09792,0.2,hv,hv70677447,2018-10-31T20:55:15.200Z,"16km SSW of Leilani Estates, Hawaii",earthquake,0.66,0.61,0.13,13,reviewed,hv,hv
2018-10-31T16:46:33.290Z,33.49,-116.7898333,4.94,0.48,ml,18,176,0.02398,0.09,ci,ci37409658,2018-10-31T18:30:03.807Z,"9km NE of Aguanga, CA",earthquake,0.29,0.6,0.159,8,reviewed,ci,ci
2018-10-31T16:25:50.540Z,19.3431664,-155.1116638,3.6,1.71,ml,45,138,0.04176,0.21,hv,hv70677412,2018-10-31T16:31:32.020Z,"16km SE of Volcano, Hawaii",earthquake,0.46,1.15,0.21,3,automatic,hv,hv
2018-10-31T16:17:35.610Z,37.6251667,-112.2916667,12.94,1.86,ml,10,110,0.1816,0.18,uu,uu60303097,2018-10-31T18:21:36.230Z,"25km SSE of Panguitch, Utah",earthquake,0.51,1.68,0.202,4,reviewed,uu,uu
2018-10-31T16:06:52.730Z,34.1445,-117.7643333,4.8,0.9,ml,12,133,0.08796,0.1,ci,ci37409602,2018-10-31T18:33:07.901Z,"5km N of La Verne, CA",earthquake,0.25,0.97,0.103,9,reviewed,ci,ci
2018-10-31T16:05:55.267Z,64.4814,-147.2384,1.5,1.2,ml,,,,0.67,ak,ak20306756,2018-10-31T16:12:04.627Z,"16km WSW of Salcha, Alaska",earthquake,,0.3,,,automatic,ak,ak
2018-10-31T15:54:54.550Z,37.3334999,-121.6965027,7.53,1.36,md,11,78,0.04375,0.03,nc,nc73104301,2018-10-31T18:24:02.443Z,"12km ESE of Alum Rock, CA",earthquake,0.29,0.58,0.14,9,automatic,nc,nc
2018-10-31T15:52:18.360Z,37.3353333,-121.702,7.76,1.2,md,20,67,0.04778,0.04,nc,nc73104296,2018-10-31T21:10:03.753Z,"12km ESE of Alum Rock, CA",earthquake,0.22,0.32,0.132,19,reviewed,nc,nc
2018-10-31T15:51:19.770Z,33.853,-117.483,-0.61,1.51,ml,20,100,0.0688,0.18,ci,ci37409578,2018-10-31T17:11:13.106Z,"4km SE of Home Gardens, CA",quarry blast,0.53,31.61,0.166,30,reviewed,ci,ci
2018-10-31T15:51:03.620Z,60.0306,-153.2815,130.5,1.8,ml,,,,0.86,ak,ak20306630,2018-10-31T16:00:36.760Z,"58km SSW of Redoubt Volcano, Alaska",earthquake,,1.1,,,automatic,ak,ak
2018-10-31T15:46:24.603Z,61.6568,-150.0606,39.1,1.2,ml,,,,0.64,ak,ak20306628,2018-10-31T16:00:36.526Z,"10km S of Willow, Alaska",earthquake,,1.1,,,automatic,ak,ak
2018-10-31T15:38:20.450Z,37.3823318,-121.7396698,6.07,2.62,md,65,34,0.0251,0.06,nc,nc73104291,2018-10-31T20:36:12.871Z,"8km ENE of Alum Rock, CA",earthquake,0.11,0.32,0.11,75,automatic,nc,nc
2018-10-31T15:24:02.410Z,38.7906685,-122.762001,0.3,1.16,md,13,67,0.02013,0.03,nc,nc73104276,2018-10-31T16:47:03.537Z,"2km NNW of The Geysers, CA",earthquake,0.21,0.57,0.13,5,automatic,nc,nc
2018-10-31T15:05:15.180Z,19.4169998,-155.2888336,0.67,1.76,ml,18,77,0.004519,0.3,hv,hv70677347,2018-10-31T15:10:57.860Z,"5km WSW of Volcano, Hawaii",earthquake,0.39,0.27,0.35,6,automatic,hv,hv
2018-10-31T15:03:56.580Z,33.5015,-116.776,3.76,0.19,ml,15,91,0.02305,0.1,ci,ci37409538,2018-10-31T18:37:41.397Z,"10km NE of Aguanga, CA",earthquake,0.24,0.45,0.059,6,reviewed,ci,ci
2018-10-31T14:59:54.171Z,38.4751,-118.3975,8.1,0.1,ml,5,134.97,0.062,0.0797,nn,nn00663595,2018-10-31T18:55:21.874Z,"20km ESE of Hawthorne, Nevada",earthquake,,3.6,0,1,reviewed,nn,nn
2018-10-31T14:44:45.610Z,33.5145,-116.5541667,13.52,0.76,ml,40,77,0.04473,0.16,ci,ci37409530,2018-10-31T18:38:43.267Z,"12km ESE of Anza, CA",earthquake,0.2,0.34,0.137,15,reviewed,ci,ci
2018-10-31T14:31:45.810Z,37.385,-118.4068333,13.15,1.81,md,25,68,0.0476,0.06,nc,nc73104256,2018-10-31T19:18:02.766Z,"1km ESE of Dixon Lane-Meadow Creek, CA",earthquake,0.26,0.59,0.169,22,reviewed,nc,nc
2018-10-31T14:30:20.070Z,33.6293333,-116.6856667,12.84,0.43,ml,19,64,0.04069,0.09,ci,ci37409514,2018-10-31T18:29:02.159Z,"8km N of Anza, CA",earthquake,0.18,0.42,0.135,5,reviewed,ci,ci
2018-10-31T14:26:24.100Z,37.3908333,-118.4093333,10.49,0.54,md,5,114,0.04146,0.02,nc,nc73104251,2018-10-31T18:52:16.840Z,"1km NE of Dixon Lane-Meadow Creek, CA",earthquake,0.37,1.18,0.077,4,reviewed,nc,nc
2018-10-31T14:26:15.090Z,19.2094994,-155.4666595,35.8,1.99,md,47,148,0.05397,0.16,hv,hv70677317,2018-10-31T14:29:35.700Z,"1km ENE of Pahala, Hawaii",earthquake,0.64,0.93,0.24,6,automatic,hv,hv
2018-10-31T14:25:11.241Z,61.0328,-146.2098,4.2,1.3,ml,,,,0.95,ak,ak20306620,2018-10-31T14:28:28.286Z,"13km SE of Valdez, Alaska",earthquake,,0.3,,,automatic,ak,ak
2018-10-31T14:22:33.811Z,59.3926,-137.3593,33.4,2.1,ml,,,,0.64,ak,ak20306618,2018-10-31T14:26:17.471Z,"110km W of Haines, Alaska",earthquake,,0.4,,,automatic,ak,ak
2018-10-31T14:14:33.278Z,64.6659,-148.3115,1.3,1,ml,,,,0.62,ak,ak20306616,2018-10-31T14:19:05.314Z,"24km SW of Ester, Alaska",earthquake,,8.2,,,automatic,ak,ak
2018-10-31T14:01:39.775Z,61.1278,-143.5442,20.5,1.1,ml,,,,0.24,ak,ak20306614,2018-10-31T14:03:40.848Z,"64km SE of Chitina, Alaska",earthquake,,0.4,,,automatic,ak,ak
2018-10-31T13:46:17.541Z,38.9788,-118.8016,0,1,ml,5,162.15,0.341,0.1157,nn,nn00663593,2018-10-31T18:46:06.419Z,"31km E of Yerington, Nevada",earthquake,,0,0.14,3,reviewed,nn,nn
2018-10-31T13:25:30.910Z,33.495,-116.7918333,4.12,0.46,ml,18,108,0.01873,0.14,ci,ci37409466,2018-10-31T13:39:38.171Z,"9km NE of Aguanga, CA",earthquake,0.26,0.39,0.153,11,reviewed,ci,ci
2018-10-31T13:24:35.200Z,34.0243333,-117.1526667,15.97,0.81,ml,12,215,0.03523,0.11,ci,ci37409474,2018-10-31T20:24:14.818Z,"4km SE of Redlands, CA",earthquake,0.48,0.59,0.055,10,reviewed,ci,ci
2018-10-31T13:13:35.660Z,33.501,-116.7763333,3.76,0.25,ml,20,93,0.02305,0.08,ci,ci37409450,2018-10-31T18:25:29.849Z,"10km NE of Aguanga, CA",earthquake,0.14,0.24,0.037,4,reviewed,ci,ci
2018-10-31T13:10:35.840Z,33.5005,-116.7778333,3.79,0.72,ml,27,34,0.02223,0.16,ci,ci37409442,2018-10-31T13:40:37.540Z,"10km NE of Aguanga, CA",earthquake,0.2,0.48,0.118,23,reviewed,ci,ci
2018-10-31T12:53:36.940Z,19.4115009,-155.2861633,0.45,1.71,ml,17,69,0.006432,0.13,hv,hv70677202,2018-10-31T12:59:20.360Z,"5km WSW of Volcano, Hawaii",earthquake,0.23,0.26,0.25,5,automatic,hv,hv
2018-10-31T12:36:32.300Z,-57.383,-66.2949,10,5.2,mb,,129,2.567,0.98,us,us2000i4ke,2018-10-31T15:48:45.040Z,"Drake Passage",earthquake,9.9,1.9,0.06,93,reviewed,us,us
2018-10-31T12:28:06.380Z,36.0806667,-117.8643333,2.14,2.48,ml,36,55,0.03763,0.12,ci,ci37409410,2018-10-31T19:23:43.500Z,"8km ENE of Coso Junction, CA",earthquake,0.15,0.18,0.185,25,reviewed,ci,ci
2018-10-31T12:25:50.791Z,61.381,-149.4407,26.6,2.7,ml,,,,0.7,ak,ak20306594,2018-10-31T13:13:50.040Z,"16km SSE of Knik-Fairview, Alaska",earthquake,,0.3,,,automatic,ak,ak
2018-10-31T12:12:43.572Z,63.5433,-147.7324,4.8,1.9,ml,,,,0.67,ak,ak20306584,2018-10-31T12:24:43.290Z,"63km ENE of Cantwell, Alaska",earthquake,,0.4,,,automatic,ak,ak
2018-10-31T12:04:32.550Z,33.993,-116.993,14.23,0.96,ml,31,62,0.143,0.13,ci,ci37409394,2018-10-31T19:17:28.170Z,"6km E of Calimesa, CA",earthquake,0.2,0.54,0.115,21,reviewed,ci,ci
2018-10-31T12:01:45.151Z,56.6388,-154.3832,70.1,1.7,ml,,,,0.89,ak,ak20306459,2018-10-31T12:08:08.055Z,"103km SSW of Larsen Bay, Alaska",earthquake,,1.6,,,automatic,ak,ak
2018-10-31T12:00:18.290Z,33.5126667,-116.7923333,3.78,0.57,ml,22,48,0.006704,0.17,ci,ci37409378,2018-10-31T13:39:55.943Z,"10km NE of Aguanga, CA",earthquake,0.26,0.8,0.143,14,reviewed,ci,ci
2018-10-31T11:49:11.841Z,61.6569,-150.8578,55.9,1.2,ml,,,,0.75,ak,ak20306454,2018-10-31T11:55:44.496Z,"44km WSW of Willow, Alaska",earthquake,,0.6,,,automatic,ak,ak
2018-10-31T11:47:49.270Z,48.6571666666667,-123.2835,21.48,1.45,ml,16,61,,0.26,uw,uw61501732,2018-10-31T15:43:39.480Z,"23km NW of Friday Harbor, Washington",earthquake,0.55,0.87,0.235145729328244,10,reviewed,uw,uw
2018-10-31T11:44:44.710Z,33.5028333,-116.7995,2.85,1.73,ml,65,31,0.009538,0.2,ci,ci37409370,2018-10-31T13:40:44.080Z,"9km NE of Aguanga, CA",earthquake,0.17,0.55,0.117,25,reviewed,ci,ci
2018-10-31T11:43:45.850Z,38.8348351,-122.8284988,0.8,0.78,md,10,91,0.006621,0.04,nc,nc73104211,2018-10-31T12:00:03.196Z,"9km NW of The Geysers, CA",earthquake,0.28,0.6,,1,automatic,nc,nc
2018-10-31T11:41:56.880Z,37.471,20.5752,10,4.4,mb,,103,2.077,0.84,us,us2000i4jp,2018-10-31T12:05:19.040Z,"35km SW of Lithakia, Greece",earthquake,3.2,1.9,0.139,15,reviewed,us,us
2018-10-31T11:29:51.840Z,34.0498333,-117.2426667,16.78,1.05,ml,45,64,0.06469,0.14,ci,ci37409362,2018-10-31T17:46:30.934Z,"2km E of Loma Linda, CA",earthquake,0.21,0.37,0.091,22,reviewed,ci,ci
2018-10-31T11:14:14.550Z,39.6018333,-123.3990021,0.41,1.85,md,8,177,0.141,0.07,nc,nc73104206,2018-10-31T13:57:03.632Z,"12km SE of Laytonville, CA",earthquake,0.63,7.53,0.09,4,automatic,nc,nc
2018-10-31T10:48:07.664Z,61.4797,-150.6694,55.7,1.3,ml,,,,0.39,ak,ak20306448,2018-10-31T10:50:57.355Z,"38km W of Big Lake, Alaska",earthquake,,0.6,,,automatic,ak,ak
2018-10-31T10:26:39.253Z,61.6051,-151.4671,71.6,0.8,ml,,,,0.64,ak,ak20306323,2018-10-31T10:31:12.183Z,"77km W of Willow, Alaska",earthquake,,1.3,,,automatic,ak,ak
2018-10-31T10:25:12.660Z,37.454,20.8673,10,4.5,mb,,104,1.945,1.15,us,us2000i4iw,2018-10-31T10:45:40.040Z,"29km S of Lithakia, Greece",earthquake,6.7,1.9,0.14,15,reviewed,us,us
2018-10-31T10:18:23.140Z,33.4855,-116.788,4.52,0.7,ml,32,38,0.02872,0.14,ci,ci37409354,2018-10-31T13:41:47.680Z,"9km ENE of Aguanga, CA",earthquake,0.17,0.42,0.101,24,reviewed,ci,ci
2018-10-31T10:14:51.890Z,37.6195,-118.8485,-0.11,1.06,md,7,111,0.01149,0.03,nc,nc73104191,2018-10-31T17:16:02.709Z,"12km E of Mammoth Lakes, CA",earthquake,0.3,0.48,0.25,3,reviewed,nc,nc
2018-10-31T10:14:30.830Z,34.5871667,-116.2753333,1.56,1.38,ml,16,66,0.1399,0.19,ci,ci37409346,2018-10-31T13:40:36.930Z,"18km SW of Ludlow, CA",earthquake,0.41,1.17,0.161,21,reviewed,ci,ci
2018-10-31T10:02:51.700Z,33.9255,-116.8321667,5.91,0.45,ml,12,101,0.09614,0.2,ci,ci37409338,2018-10-31T13:40:37.568Z,"4km E of Banning, CA",earthquake,0.44,1.43,0.114,6,reviewed,ci,ci
2018-10-31T09:58:54.530Z,33.1378333,-116.637,4.79,0.61,ml,20,95,0.06175,0.16,ci,ci37409330,2018-10-31T15:50:02.832Z,"7km NNW of Julian, CA",earthquake,0.26,0.4,0.155,9,reviewed,ci,ci
2018-10-31T09:53:34.080Z,18.875,-67.3056,61,2.93,md,5,328,0.733,0.2,pr,pr2018304003,2018-10-31T11:49:22.389Z,"47km NNW of San Antonio, Puerto Rico",earthquake,3.04,4.99,0.19,5,reviewed,pr,pr
2018-10-31T09:36:50.923Z,63.2193,-150.1428,97.4,1.9,ml,,,,0.64,ak,ak20306309,2018-10-31T09:43:39.970Z,"62km WSW of Cantwell, Alaska",earthquake,,0.7,,,automatic,ak,ak
2018-10-31T09:34:14.240Z,35.9546,-96.7552,5.41,2.7,mb_lg,,64,0.054,0.2,us,us2000i4hx,2018-10-31T20:04:13.649Z,"3km SSE of Cushing, Oklahoma",earthquake,1.1,3.2,0.062,67,reviewed,us,us
2018-10-31T09:32:00.479Z,38.397,-118.8776,11.5,0.8,ml,6,167.54,0.327,0.1464,nn,nn00663591,2018-10-31T18:30:41.420Z,"26km WSW of Hawthorne, Nevada",earthquake,,15.6,0,1,reviewed,nn,nn
2018-10-31T09:17:27.146Z,60.72,-150.7454,39.6,1,ml,,,,0.68,ak,ak20306305,2018-10-31T09:20:33.553Z,"20km N of Sterling, Alaska",earthquake,,1.2,,,automatic,ak,ak
2018-10-31T09:09:54.079Z,60.0939,-141.5266,1.5,1.2,ml,,,,1.35,ak,ak20306302,2018-10-31T09:15:22.017Z,"50km E of Cape Yakataga, Alaska",earthquake,,6.8,,,automatic,ak,ak
2018-10-31T08:55:59.300Z,38.8035011,-122.791832,0.53,1.56,md,6,138,0.02445,0.01,nc,nc73104181,2018-10-31T10:58:03.437Z,"4km NW of The Geysers, CA",earthquake,1.52,1.74,,1,automatic,nc,nc
2018-10-31T08:44:47.355Z,36.2747,-116.0719,5.3,0.6,ml,15,146.75,0.246,0.1684,nn,nn00663558,2018-10-31T17:23:04.122Z,"10km NW of Pahrump, Nevada",earthquake,,3.9,0.22,8,reviewed,nn,nn
2018-10-31T08:43:46.690Z,33.675,-116.7506667,9.65,0.09,ml,13,102,0.04719,0.07,ci,ci37409322,2018-10-31T18:16:37.555Z,"8km SSW of Idyllwild, CA",earthquake,0.21,0.35,0.104,6,reviewed,ci,ci
2018-10-31T08:29:59.320Z,27.8509,102.2742,25.35,5.1,mb,,25,6.664,1.14,us,us2000i4he,2018-10-31T08:55:10.225Z,"5km SSE of Xichang, China",earthquake,5,4.8,0.045,164,reviewed,us,us
2018-10-31T08:28:41.820Z,33.6861667,-116.747,16.5,0.36,ml,17,107,0.03703,0.09,ci,ci37409314,2018-10-31T18:12:54.629Z,"6km SSW of Idyllwild, CA",earthquake,0.28,0.4,0.128,4,reviewed,ci,ci
2018-10-31T08:21:25.290Z,37.5286667,-118.8598333,5.23,0.45,md,10,273,0.06594,0.08,nc,nc73104176,2018-10-31T16:22:40.426Z,"16km SE of Mammoth Lakes, CA",earthquake,0.77,1.13,0.147,9,reviewed,nc,nc
2018-10-31T08:05:48.400Z,36.6749992,-121.2958298,6.34,2.35,md,6,172,0.1418,0.04,nc,nc73104171,2018-10-31T09:36:02.956Z,"13km S of Tres Pinos, CA",earthquake,1.29,1.44,,1,automatic,nc,nc
2018-10-31T07:54:31.860Z,37.582,-118.8593333,2.36,0.4,md,7,234,0.02531,0.05,nc,nc73104161,2018-10-31T17:06:03.648Z,"12km ESE of Mammoth Lakes, CA",earthquake,1.02,0.94,0.228,6,reviewed,nc,nc
2018-10-31T07:52:11.940Z,38.8149986,-122.7990036,1.47,1.03,md,18,54,0.01442,0.04,nc,nc73104156,2018-10-31T08:26:03.343Z,"6km NW of The Geysers, CA",earthquake,0.26,0.49,0.22,5,automatic,nc,nc
2018-10-31T07:51:07.944Z,61.1883,-150.7058,42.7,1.8,ml,,,,0.6,ak,ak20306040,2018-10-31T07:56:11.784Z,"43km W of Anchorage, Alaska",earthquake,,1,,,automatic,ak,ak
2018-10-31T07:50:33.640Z,33.4906667,-116.415,9.17,0.64,ml,25,120,0.03385,0.16,ci,ci37409306,2018-10-31T18:10:22.612Z,"22km SSW of La Quinta, CA",earthquake,0.29,0.77,0.134,11,reviewed,ci,ci
2018-10-31T07:41:15.950Z,34.1476667,-116.5383333,8.78,1.01,ml,23,56,0.1419,0.12,ci,ci37409298,2018-10-31T17:51:19.352Z,"10km WNW of Yucca Valley, CA",earthquake,0.24,0.71,0.115,16,reviewed,ci,ci
2018-10-31T07:39:41.100Z,33.5175,-116.7931667,3.87,0.64,ml,27,39,0.007886,0.16,ci,ci37409290,2018-10-31T13:44:53.750Z,"11km NE of Aguanga, CA",earthquake,0.22,0.64,0.2,19,reviewed,ci,ci
2018-10-31T07:30:30.140Z,51.959,179.7815,171.19,4.4,mb,,182,0.655,0.36,us,us2000i4gp,2018-10-31T18:19:35.208Z,"12km E of Semisopochnoi Island, Alaska",earthquake,19.1,13.4,0.051,112,reviewed,us,us
2018-10-31T07:29:17.930Z,36.0788333,-117.8653333,2.42,0.78,ml,13,141,0.03959,0.05,ci,ci37409282,2018-10-31T17:53:08.980Z,"8km ENE of Coso Junction, CA",earthquake,0.19,0.13,0.131,6,reviewed,ci,ci
2018-10-31T06:59:07.161Z,64.8336,-147.54,21.8,0.1,ml,,,,0.64,ak,ak20306021,2018-10-31T18:12:23.550Z,"3km N of Badger, Alaska",earthquake,,0.8,,,reviewed,ak,ak
2018-10-31T06:48:21.420Z,33.6768333,-117.3601667,9.01,0.78,ml,14,86,0.06152,0.1,ci,ci37409274,2018-10-31T17:55:25.084Z,"3km WNW of Lake Elsinore, CA",earthquake,0.31,0.6,0.072,9,reviewed,ci,ci
2018-10-31T06:40:22.790Z,61.5946,-151.6488,75,1.6,ml,,,,0.58,ak,ak20306015,2018-10-31T06:45:23.763Z,"87km W of Willow, Alaska",earthquake,,0.7,,,automatic,ak,ak
2018-10-31T06:39:37.400Z,33.5003333,-116.7778333,3.61,0.58,ml,28,43,0.02232,0.12,ci,ci37409266,2018-10-31T13:44:57.870Z,"10km NE of Aguanga, CA",earthquake,0.17,0.4,0.085,20,reviewed,ci,ci
2018-10-31T06:38:13.070Z,33.5016667,-116.7773333,3.76,0.74,ml,32,31,0.022,0.18,ci,ci37409258,2018-10-31T13:46:00.950Z,"10km NE of Aguanga, CA",earthquake,0.21,0.56,0.083,23,reviewed,ci,ci
2018-10-31T06:37:13.125Z,59.7966,-153.0737,101,1.5,ml,,,,0.82,ak,ak20306013,2018-10-31T06:41:02.202Z,"69km W of Anchor Point, Alaska",earthquake,,0.6,,,automatic,ak,ak
2018-10-31T06:35:29.750Z,33.496,-116.7788333,2.59,1.1,ml,51,34,0.02429,0.2,ci,ci37409250,2018-10-31T13:46:04.030Z,"10km NE of Aguanga, CA",earthquake,0.18,0.34,0.106,27,reviewed,ci,ci
2018-10-31T06:22:05.005Z,60.2208,-140.9805,19,1.1,ml,,,,0.26,ak,ak20306010,2018-10-31T06:27:48.739Z,"82km ENE of Cape Yakataga, Alaska",earthquake,,0.2,,,automatic,ak,ak
2018-10-31T06:16:16.453Z,61.5236,-146.3419,29.9,1.4,ml,,,,1.21,ak,ak20306008,2018-10-31T06:21:26.750Z,"43km N of Valdez, Alaska",earthquake,,0.3,,,automatic,ak,ak
2018-10-31T06:11:51.519Z,37.5189,-118.0961,0,1,ml,10,121.64,0.18,0.1772,nn,nn00663583,2018-10-31T17:53:50.179Z,"31km ENE of Bishop, California",earthquake,,0,0.78,5,reviewed,nn,nn
2018-10-31T06:05:16.378Z,64.2961,-149.8843,16.3,1.5,ml,,,,0.72,ak,ak20306003,2018-10-31T06:16:35.079Z,"48km SW of North Nenana, Alaska",earthquake,,0.2,,,automatic,ak,ak
2018-10-31T05:58:21.260Z,62.2385,-147.9196,21.5,3,ml,,,,0.75,ak,ak20305994,2018-10-31T06:09:42.674Z,"69km NE of Sutton-Alpine, Alaska",earthquake,,0.3,,,automatic,ak,ak
2018-10-31T05:48:13.920Z,38.7948341,-122.7645035,0.31,0.7,md,10,62,0.02232,0.03,nc,nc73104141,2018-10-31T06:49:03.739Z,"2km NNW of The Geysers, CA",earthquake,0.27,0.81,0.14,2,automatic,nc,nc
2018-10-31T05:45:29.031Z,61.5925,-149.852,20.6,2.5,ml,,,,0.65,ak,ak20305982,2018-10-31T06:16:10.677Z,"4km SSW of Houston, Alaska",earthquake,,0.4,,,automatic,ak,ak
2018-10-31T05:41:12.760Z,36.5638333,-121.1586667,4.04,0.98,md,13,106,0.01901,0.06,nc,nc73104136,2018-10-31T19:12:02.742Z,"4km NNW of Pinnacles, CA",earthquake,0.29,0.48,0.154,11,reviewed,nc,nc
2018-10-31T05:34:45.640Z,37.289,-118.3261667,3.9,0.41,md,5,248,0.08223,0.09,nc,nc73104131,2018-10-31T16:56:03.587Z,"6km ENE of Wilkerson, CA",earthquake,0.87,1.97,0.126,5,reviewed,nc,nc
2018-10-31T05:30:32.360Z,33.4938333,-116.7883333,4.81,0.55,ml,30,36,0.02104,0.12,ci,ci37409234,2018-10-31T18:24:49.150Z,"9km NE of Aguanga, CA",earthquake,0.16,0.49,0.178,12,reviewed,ci,ci
2018-10-31T05:13:56.130Z,32.7188333,-115.9296667,12.11,1.07,ml,15,99,0.07139,0.13,ci,ci37409226,2018-10-31T18:20:23.814Z,"6km ESE of Ocotillo, CA",earthquake,0.27,0.55,0.302,4,reviewed,ci,ci
2018-10-31T05:08:02.130Z,40.1513333,-111.1695,5.72,1.73,ml,16,114,0.2691,0.17,uu,uu60303092,2018-10-31T18:01:02.730Z,"34km E of Mapleton, Utah",earthquake,0.52,2.01,0.06,4,reviewed,uu,uu
2018-10-31T05:04:20.320Z,19.3198338,-155.1673279,1.57,1.82,md,19,128,0.04946,0.15,hv,hv70676842,2018-10-31T05:08:03.470Z,"14km SSE of Volcano, Hawaii",earthquake,0.42,0.75,0.2,3,automatic,hv,hv
2018-10-31T05:03:47.270Z,61.5458,-146.4309,13,3,ml,,,,0.94,ak,ak20305975,2018-10-31T05:08:26.037Z,"46km N of Valdez, Alaska",earthquake,,0.2,,,automatic,ak,ak
2018-10-31T04:58:43.510Z,33.3225,-116.3853333,13.47,0.9,ml,53,65,0.01581,0.19,ci,ci37409218,2018-10-31T18:15:50.570Z,"8km N of Borrego Springs, CA",earthquake,0.22,0.42,0.167,18,reviewed,ci,ci
2018-10-31T04:39:03.960Z,38.7938347,-122.7666702,0.43,1.04,md,12,67,0.01662,0.04,nc,nc73104121,2018-10-31T05:54:02.411Z,"2km NNW of The Geysers, CA",earthquake,0.23,0.62,0.16,3,automatic,nc,nc
2018-10-31T04:28:47.704Z,63.8702,-149.2497,10.9,1.3,ml,,,,1.26,ak,ak20305964,2018-10-31T04:31:57.250Z,"14km W of Healy, Alaska",earthquake,,0.5,,,automatic,ak,ak
2018-10-31T04:23:57.800Z,34.1593333,-117.5753333,9.66,1.46,ml,60,45,0.04679,0.16,ci,ci37409210,2018-10-31T18:07:29.090Z,"4km N of Rancho Cucamonga, CA",earthquake,0.17,0.28,0.14,38,reviewed,ci,ci
2018-10-31T04:19:08.892Z,37.5222,-118.0967,4.7,1.1,ml,7,111.55,0.183,0.2182,nn,nn00663554,2018-10-31T17:10:39.749Z,"31km NE of Bishop, California",earthquake,,13.1,0.58,4,reviewed,nn,nn
2018-10-31T04:05:38.115Z,60.5859,-150.5574,41.9,1.5,ml,,,,0.63,ak,ak20305957,2018-10-31T04:11:42.429Z,"12km ENE of Sterling, Alaska",earthquake,,0.6,,,automatic,ak,ak
2018-10-31T04:00:47.320Z,33.491,-116.7976667,3.09,0.61,ml,38,33,0.02143,0.17,ci,ci37409202,2018-10-31T17:49:31.844Z,"8km NE of Aguanga, CA",earthquake,0.16,0.48,0.102,16,reviewed,ci,ci
2018-10-31T04:00:45.060Z,33.4896667,-116.8028333,2.55,0.14,ml,25,59,0.02274,0.15,ci,ci37412173,2018-10-31T17:56:23.003Z,"8km NE of Aguanga, CA",earthquake,0.23,0.35,0.044,3,reviewed,ci,ci
2018-10-31T03:48:53.725Z,37.2519,-116.0897,7.4,0.2,ml,13,252.54,0.029,0.1137,nn,nn00663582,2018-10-31T17:44:33.354Z,"70km ENE of Beatty, Nevada",earthquake,,1.2,0.05,9,reviewed,nn,nn
2018-10-31T03:38:25.190Z,36.0058333,-120.5763333,2.03,0.54,md,18,97,0.03241,0.12,nc,nc73104116,2018-10-31T18:51:04.607Z,"18km NW of Parkfield, CA",earthquake,0.33,1.15,0.199,6,reviewed,nc,nc
2018-10-31T03:28:29.820Z,41.3088333,-121.9715,3.01,0.64,md,7,129,0.07167,0.03,nc,nc73104351,2018-10-31T19:44:03.250Z,"15km ENE of McCloud, CA",earthquake,0.9,6.41,0.26,6,reviewed,nc,nc
2018-10-31T03:22:28.938Z,64.8694,-148.6635,6.1,1,ml,,,,0.72,ak,ak20305953,2018-10-31T03:26:01.493Z,"30km W of Ester, Alaska",earthquake,,1.1,,,automatic,ak,ak
2018-10-31T03:18:17.480Z,33.4871667,-116.791,4.21,1.02,ml,42,37,0.02632,0.17,ci,ci37409178,2018-10-31T13:46:08.180Z,"8km NE of Aguanga, CA",earthquake,0.17,0.39,0.107,25,reviewed,ci,ci
2018-10-31T02:55:58.630Z,45.8503333,-111.3436667,5.96,0.88,ml,5,202,0.314,0.09,mb,mb80316739,2018-10-31T14:32:42.810Z,"1km SW of Manhattan, Montana",earthquake,0.9,7.18,0.059,3,reviewed,mb,mb
2018-10-31T02:46:18.400Z,37.5593333,-112.9958333,7,1.29,md,6,221,0.08124,0.08,uu,uu60303087,2018-10-31T18:25:45.010Z,"14km SSE of Cedar City, Utah",earthquake,1.11,1.35,0.254,4,reviewed,uu,uu
2018-10-31T02:20:01.700Z,38.1388321,-122.1881638,6.6,1.57,md,15,196,0.07086,0.07,nc,nc73104111,2018-10-31T05:00:04.073Z,"5km NE of Vallejo, CA",earthquake,0.48,0.7,0.11,13,automatic,nc,nc
2018-10-31T02:17:08.796Z,39.6888,-119.8858,6,-0.2,ml,5,154.76,0.1,0.0528,nn,nn00663576,2018-10-31T16:12:04.611Z,"6km NNW of Lemmon Valley, Nevada",earthquake,,5.6,0,2,reviewed,nn,nn
2018-10-31T02:06:48.980Z,32.924,-116.3136667,6.59,1.05,ml,59,61,0.09679,0.21,ci,ci37409162,2018-10-31T17:40:12.900Z,"23km ENE of Pine Valley, CA",earthquake,0.18,0.62,0.097,18,reviewed,ci,ci
2018-10-31T01:49:29.240Z,30.4108,87.6703,10,4.7,mb,,83,2.556,0.92,us,us2000i4dg,2018-10-31T02:08:11.040Z,"108km WSW of Jiajuedibu, China",earthquake,7.2,1.8,0.056,97,reviewed,us,us
2018-10-31T01:49:07.600Z,19.1655006,-155.5833282,0.7,1.83,md,36,132,0.08558,0.27,hv,hv70676697,2018-10-31T01:52:38.140Z,"11km WSW of Pahala, Hawaii",earthquake,0.53,0.56,0.19,15,automatic,hv,hv
2018-10-31T01:47:59.382Z,61.9518,-148.9189,12.9,0.6,ml,,,,0.92,ak,ak20305823,2018-10-31T01:51:00.101Z,"17km NNW of Sutton-Alpine, Alaska",earthquake,,0.4,,,automatic,ak,ak
2018-10-31T01:45:00.800Z,33.2185,-116.7505,19.53,1.08,ml,46,34,0.01876,0.17,ci,ci37409154,2018-10-31T13:46:12.550Z,"3km SSE of Lake Henshaw, CA",earthquake,0.22,0.47,0.173,26,reviewed,ci,ci
2018-10-31T01:36:35.260Z,19.2073,-64.4711,48,3.12,md,7,343,1.7415,0.35,pr,pr2018304002,2018-10-31T05:10:54.443Z,"88km N of Road Town, British Virgin Islands",earthquake,5.38,20.85,0.38,3,reviewed,pr,pr
2018-10-31T01:26:40.809Z,62.5895,-151.2585,89.5,1.2,ml,,,,0.47,ak,ak20305815,2018-10-31T01:31:15.487Z,"66km WNW of Talkeetna, Alaska",earthquake,,1.4,,,automatic,ak,ak
2018-10-31T01:18:50.797Z,63.0299,-150.7285,112.3,1.5,ml,,,,0.49,ak,ak20305813,2018-10-31T01:23:53.292Z,"84km NNW of Talkeetna, Alaska",earthquake,,0.9,,,automatic,ak,ak
2018-10-31T01:11:16.980Z,18.1986,-66.0661,34,1.08,md,5,172,0.1858,0.07,pr,pr2018304001,2018-10-31T05:10:29.218Z,"4km SSW of Caguas, Puerto Rico",earthquake,0.73,1.08,0.36,4,reviewed,pr,pr
2018-10-31T01:07:53.365Z,64.8018,-149.1843,19.3,1,ml,,,,0.95,ak,ak20305807,2018-10-31T01:11:00.102Z,"25km N of North Nenana, Alaska",earthquake,,0.1,,,automatic,ak,ak
2018-10-31T01:02:30.090Z,38.8253326,-122.7848358,1.57,0.88,md,7,98,0.01274,0.01,nc,nc73104101,2018-10-31T01:26:02.770Z,"5km W of Cobb, CA",earthquake,0.69,0.59,,1,automatic,nc,nc
2018-10-31T00:59:12.363Z,59.754,-144.7804,61.2,1.9,ml,,,,0.92,ak,ak20305802,2018-10-31T01:03:48.219Z,"94km ENE of Middleton Island, Alaska",earthquake,,1.2,,,automatic,ak,ak
2018-10-31T00:48:25.951Z,37.2121,-116.512,7.6,0.6,ml,11,198.42,0.149,0.1431,nn,nn00663552,2018-10-31T16:52:12.242Z,"40km NNE of Beatty, Nevada",earthquake,,2.4,0.37,8,reviewed,nn,nn
2018-10-31T00:47:02.240Z,43.4276667,-110.4531667,0,1.26,ml,8,164,0.215,0.19,mb,mb80316649,2018-10-31T14:29:48.400Z,"25km ESE of Jackson, Wyoming",earthquake,1.5,3.87,0.11,7,reviewed,mb,mb
2018-10-31T00:43:47.020Z,37.112999,-122.3150024,4.74,2.21,md,21,196,0.08907,0.2,nc,nc73104091,2018-10-31T04:08:02.757Z,"17km WNW of Bonny Doon, CA",earthquake,0.93,1.73,0.18,15,automatic,nc,nc
2018-10-31T00:41:12.220Z,33.4873333,-116.7908333,3.42,0.53,ml,24,60,0.02621,0.11,ci,ci37409138,2018-10-31T16:52:28.951Z,"8km NE of Aguanga, CA",earthquake,0.18,0.37,0.125,14,reviewed,ci,ci
2018-10-31T00:39:41.690Z,33.487,-116.7855,3.08,0.62,ml,20,81,0.02818,0.11,ci,ci37409130,2018-10-31T16:42:33.738Z,"9km ENE of Aguanga, CA",earthquake,0.19,0.63,0.088,17,reviewed,ci,ci
2018-10-31T00:38:08.730Z,45.2673333,-110.9588333,15.91,1.19,ml,11,67,0.398,0.27,mb,mb80316634,2018-10-31T14:25:02.060Z,"32km E of Big Sky, Montana",earthquake,0.62,13.82,0.112,8,reviewed,mb,mb
2018-10-31T00:35:45.670Z,44.5938333,-110.7785,8.9,1.97,ml,23,77,0.05598,0.2,uu,uu60303082,2018-10-31T14:50:45.370Z,"15km NNE of Old Faithful Geyser, Wyoming",earthquake,0.47,0.99,0.299,6,reviewed,uu,uu
2018-10-31T00:34:37.590Z,33.5101667,-116.7976667,4.4,0.45,ml,20,109,0.003139,0.16,ci,ci37409122,2018-10-31T13:45:48.303Z,"10km NE of Aguanga, CA",earthquake,0.37,0.49,0.099,13,reviewed,ci,ci
2018-10-31T00:32:55.220Z,33.5073333,-116.797,3.85,0.85,ml,34,36,0.005751,0.13,ci,ci37409106,2018-10-31T20:20:38.220Z,"10km NE of Aguanga, CA",earthquake,0.14,0.32,0.149,15,reviewed,ci,ci
2018-10-31T00:26:55.949Z,61.8544,-157.6702,4.3,1.5,ml,,,,0.56,ak,ak20305795,2018-10-31T00:31:50.640Z,"116km ESE of Holy Cross, Alaska",earthquake,,0.2,,,automatic,ak,ak
2018-10-31T00:17:34.930Z,19.1215,-66.8305,25,2.93,md,4,316,0.7786,0.4,pr,pr2018304000,2018-10-31T05:09:58.986Z,"70km N of Hatillo, Puerto Rico",earthquake,2.87,33.35,0.09,2,reviewed,pr,pr
2018-10-30T23:48:36.020Z,40.6471667,-121.8156667,11.24,1.08,md,12,110,0.1013,0.04,nc,nc73104086,2018-10-31T16:46:03.530Z,"18km NNE of Shingletown, CA",earthquake,0.55,0.9,0.236,11,reviewed,nc,nc
2018-10-30T23:42:54.720Z,37.6525002,-121.6626663,8.14,1.37,md,8,91,0.05132,0.06,nc,nc73104081,2018-10-31T02:58:02.383Z,"10km ESE of Livermore, CA",earthquake,0.36,1.22,0.12,7,automatic,nc,nc
2018-10-30T23:27:44.910Z,43.5338333,-111.0216667,4.32,0.48,ml,5,226,0.065,0.05,mb,mb80316529,2018-10-31T14:18:26.410Z,"10km SE of Victor, Idaho",earthquake,1.5,1.49,0.16,5,reviewed,mb,mb
2018-10-30T23:26:45.100Z,62.7592,-150.104,30.6,1.2,ml,,,,0.83,ak,ak20305791,2018-10-30T23:29:16.804Z,"48km N of Talkeetna, Alaska",earthquake,,0.7,,,automatic,ak,ak
2018-10-30T23:22:34.690Z,35.0436667,-117.664,-0.79,1.8,ml,33,60,0.1122,0.2,ci,ci37409090,2018-10-31T17:02:35.012Z,"5km NNW of Boron, CA",quarry blast,0.41,31.61,0.139,29,reviewed,ci,ci
2018-10-30T23:11:54.643Z,64.9348,-147.2851,0,1.4,ml,,,,0.91,ak,ak20305787,2018-10-30T23:18:34.307Z,"19km NE of Badger, Alaska",earthquake,,0.3,,,automatic,ak,ak
2018-10-30T22:57:00.220Z,45.859,-111.3625,6,1.22,ml,7,99,0.31,0.12,mb,mb80316474,2018-10-31T14:14:48.850Z,"2km W of Manhattan, Montana",earthquake,0.55,7.53,0.075,3,reviewed,mb,mb
2018-10-30T22:51:58.110Z,33.4541667,-116.3483333,9.61,0.96,ml,32,138,0.09459,0.18,ci,ci37409066,2018-10-31T00:40:52.463Z,"22km N of Borrego Springs, CA",earthquake,0.37,0.71,0.226,25,reviewed,ci,ci
2018-10-30T22:44:06.010Z,37.3968333,-118.5368333,14.4,0.55,md,5,180,0.04841,0.09,nc,nc73104066,2018-10-31T17:30:02.792Z,"6km ESE of Round Valley, CA",earthquake,0.79,0.87,0.072,4,reviewed,nc,nc
2018-10-30T22:37:39.135Z,61.1556,-140.5311,3.5,1.5,ml,,,,0.46,ak,ak20305669,2018-10-30T22:41:55.693Z,"159km NE of Cape Yakataga, Alaska",earthquake,,0.4,,,automatic,ak,ak
2018-10-30T22:33:16.790Z,18.7811,-65.1793,49,3.1,md,8,331,0.9255,0.21,pr,pr2018303004,2018-10-31T00:03:43.139Z,"54km NNE of Culebra, Puerto Rico",earthquake,2.93,6.53,0.26,8,reviewed,pr,pr
2018-10-30T22:31:32.174Z,36.7038,-116.3299,8.2,-0.2,ml,11,153.44,0.097,0.0528,nn,nn00663551,2018-10-31T02:05:30.831Z,"44km ESE of Beatty, Nevada",earthquake,,2.8,0.28,4,reviewed,nn,nn
2018-10-30T22:21:57.960Z,33.4523333,-116.5733333,12.19,0.62,ml,23,84,0.04866,0.21,ci,ci37409026,2018-10-31T00:41:10.620Z,"15km SE of Anza, CA",earthquake,0.43,0.57,0.154,18,reviewed,ci,ci
2018-10-30T22:08:37.170Z,65.6349,-145.1712,0,1.6,ml,,,,0.93,ak,ak20305667,2018-10-30T22:12:59.031Z,"28km NW of Circle Hot Springs Station, Alaska",earthquake,,0.3,,,automatic,ak,ak
2018-10-30T22:03:38.892Z,38.3634,-118.9078,6.5,1.1,ml,8,103.31,0.146,0.1137,nn,nn00663550,2018-10-31T02:05:26.843Z,"30km SW of Hawthorne, Nevada",earthquake,,4.1,0.21,4,reviewed,nn,nn
2018-10-30T21:56:58.000Z,33.9106667,-118.284,9.2,1.5,ml,7,250,0.1026,0.14,ci,ci37409010,2018-10-31T04:42:22.703Z,"3km WSW of Willowbrook, CA",earthquake,0.78,0.9,0.28,6,reviewed,ci,ci
2018-10-30T21:41:50.570Z,33.4773333,-116.3985,14.37,0.99,ml,43,98,0.05126,0.17,ci,ci37408994,2018-10-31T16:54:04.960Z,"22km SSW of La Quinta, CA",earthquake,0.2,0.39,0.199,17,reviewed,ci,ci
2018-10-30T21:39:28.130Z,34.0548333,-116.9723333,12.95,1.92,ml,73,37,0.1165,0.16,ci,ci37408986,2018-10-31T16:43:58.860Z,"7km ENE of Yucaipa, CA",earthquake,0.13,0.38,0.176,71,reviewed,ci,ci
2018-10-30T21:30:50.110Z,33.484,-116.7923333,4.22,0.69,ml,26,39,0.02908,0.18,ci,ci37408970,2018-10-31T00:41:58.772Z,"8km NE of Aguanga, CA",earthquake,0.29,0.48,0.105,19,reviewed,ci,ci
2018-10-30T21:24:49.216Z,62.2542,-152.0736,102,1.8,ml,,,,0.64,ak,ak20305656,2018-10-30T21:31:08.995Z,"102km W of Talkeetna, Alaska",earthquake,,0.9,,,automatic,ak,ak
