OBJECTID,Shape,ID,NAME,STATE_NAME,ST_ABBREV,County_AREA,TSEGNUM,TSEGCODE,TSEGNAME,THHBASE,THH01,THH02,THH03,THH04,THH05,THH06,THH07,THH08,THH09,THH10,THH11,THH12,THH13,THH14,THH15,THH16,THH17,THH18,THH19,THH20,THH21,THH22,THH23,THH24,THH25,THH26,THH27,THH28,THH29,THH30,THH31,THH32,THH33,THH34,THH35,THH36,THH37,THH38,THH39,THH40,THH41,THH42,THH43,THH44,THH45,THH46,THH47,THH48,THH49,THH50,THH51,THH52,THH53,THH54,THH55,THH56,THH57,THH58,THH59,THH60,THH61,THH62,THH63,THH64,THH65,THH66,THH67,THH68,TLIFECODE,TLIFENAME,Flier_URL,THHGRPL1,THHGRPL2,THHGRPL3,THHGRPL4,THHGRPL5,THHGRPL6,THHGRPL7,THHGRPL8,THHGRPL9,THHGRPL10,THHGRPL11,THHGRPL12,THHGRPL13,THHGRPL14,Shape_Length,Shape_Area
1,"(-10308264.687251106, 4893694.749264869)",29001,Adair County,Missouri,MO,569.508657979,38,8F,Old and Newcomers,9939,0,0,0,0,0,0,0,0,0,0,0,0,0,0,0,0,1549,0,0,0,0,515,512,1285,0,0,0,0,0,0,0,0,0,0,0,0,0,2178,0,0,0,0,0,0,0,0,375,0,343,0,0,0,0,414,0,0,0,552,0,0,0,0,0,0,0,1082,1134,0,8,Middle Ground,http://downloads.esri.com/esri_content_doc/dbl/us/tapestry/segment38.pdf,0,0,0,0,1549,2312,0,2178,0,718,414,552,0,2216,204149.33927690875,2530556609.5034084
2,"(-10553313.106502375, 4863571.28260229)",29003,Andrew County,Missouri,MO,436.317611741,26,6F,Heartland Communities,6896,0,0,0,0,0,0,0,0,0,0,0,0,0,0,820,0,0,336,460,0,1403,1187,0,368,0,1866,0,0,0,0,0,0,0,0,0,0,0,0,0,0,0,0,0,0,0,456,0,0,0,0,0,0,0,0,0,0,0,0,0,0,0,0,0,0,0,0,0,0,6,Cozy Country Living,http://downloads.esri.com/esri_content_doc/dbl/us/tapestry/segment26.pdf,0,0,0,820,796,4824,0,0,0,456,0,0,0,0,215730.1306320077,1927070496.7321794
3,"(-10623346.467351057, 4928960.212424792)",29005,Atchison County,Missouri,MO,556.848559904,24,6D,Prairie Living,2480,0,0,0,0,0,0,0,0,0,0,0,0,0,0,0,0,0,0,0,438,0,0,0,1286,0,432,0,0,0,0,0,0,0,0,0,0,0,0,0,0,0,0,0,0,0,0,0,0,0,0,0,0,0,0,0,0,0,324,0,0,0,0,0,0,0,0,0,0,6,Cozy Country Living,http://downloads.esri.com/esri_content_doc/dbl/us/tapestry/segment24.pdf,0,0,0,0,438,1718,0,0,0,0,0,324,0,0,222891.32953498335,2491927165.7452326
4,"(-10223763.925447494, 4752637.076008475)",29007,Audrain County,Missouri,MO,696.737302336,58,12C,Small Town Simplicity,9575,0,0,0,0,0,0,0,0,0,0,0,0,0,0,0,0,0,0,0,1375,485,708,0,1780,0,1811,0,0,0,0,0,0,0,0,0,0,0,0,537,0,0,0,0,0,0,0,0,0,0,0,0,0,0,0,0,0,915,1964,0,0,0,0,0,0,0,0,0,0,12,Hometown,http://downloads.esri.com/esri_content_doc/dbl/us/tapestry/segment58.pdf,0,0,0,0,1375,4784,0,537,0,0,0,2879,0,0,279993.45509072964,3010308837.910436
5,"(-10445002.351239916, 4398783.861268294)",29009,Barry County,Missouri,MO,790.957835633,46,10A,Southern Satellites,14390,0,0,0,0,0,0,0,0,0,0,0,0,0,0,613,0,0,0,0,518,0,1328,0,0,1713,2696,0,0,0,272,0,0,0,0,0,0,0,0,0,688,0,0,0,0,0,3456,1968,0,518,0,0,0,0,238,0,0,382,0,0,0,0,0,0,0,0,0,0,0,10,Rustic Outposts,http://downloads.esri.com/esri_content_doc/dbl/us/tapestry/segment46.pdf,0,0,0,613,518,5737,272,0,688,5942,238,382,0,0,229804.94397349487,3193721304.3790298
6,"(-10502671.393687485, 4509372.804490572)",29011,Barton County,Missouri,MO,596.747317041,26,6F,Heartland Communities,4880,0,0,0,0,0,0,0,0,0,0,0,0,0,0,0,0,0,0,0,0,0,408,0,1326,0,2558,0,0,0,0,0,0,0,0,0,0,0,0,0,0,0,0,0,0,0,0,327,0,0,0,0,0,0,0,0,0,261,0,0,0,0,0,0,0,0,0,0,0,6,Cozy Country Living,http://downloads.esri.com/esri_content_doc/dbl/us/tapestry/segment26.pdf,0,0,0,0,0,4292,0,0,0,327,0,261,0,0,202089.83549355718,2460041364.4912376
7,"(-10501885.2019228, 4615880.530282983)",29013,Bates County,Missouri,MO,851.416977307,24,6D,Prairie Living,6681,0,0,0,0,0,0,0,0,0,0,0,0,0,0,0,0,0,0,0,0,0,737,0,1749,0,1139,0,0,0,0,0,0,0,0,0,0,0,0,0,0,0,0,0,0,0,407,586,0,0,595,0,0,0,0,0,0,0,1468,0,0,0,0,0,0,0,0,0,0,6,Cozy Country Living,http://downloads.esri.com/esri_content_doc/dbl/us/tapestry/segment24.pdf,0,0,0,0,0,3625,0,0,0,1588,0,1468,0,0,295485.08065324,3581999017.421593
8,"(-10384768.252404539, 4621213.766597365)",29015,Benton County,Missouri,MO,752.569499107,25,6E,Rural Resort Dwellers,8598,0,0,0,0,0,0,0,0,0,0,0,0,0,0,0,0,0,0,0,523,0,0,0,312,4149,1048,0,0,0,0,0,0,0,0,0,0,0,0,0,0,0,0,1059,0,0,0,977,0,0,0,0,0,0,0,0,0,0,530,0,0,0,0,0,0,0,0,0,0,6,Cozy Country Living,http://downloads.esri.com/esri_content_doc/dbl/us/tapestry/segment25.pdf,0,0,0,0,523,5509,0,0,1059,977,0,530,0,0,238567.13105712924,3169391288.522163
9,"(-10021631.09142386, 4484174.531569428)",29017,Bollinger County,Missouri,MO,621.137049234,47,10B,Rooted Rural,4986,0,0,0,0,0,0,0,0,0,0,0,0,0,0,0,0,0,0,0,0,0,0,0,0,0,0,0,0,0,0,0,0,0,0,0,0,0,0,0,0,0,0,0,0,0,0,4169,0,0,0,0,0,0,0,0,0,0,817,0,0,0,0,0,0,0,0,0,0,10,Rustic Outposts,http://downloads.esri.com/esri_content_doc/dbl/us/tapestry/segment47.pdf,0,0,0,0,0,0,0,0,0,4169,0,817,0,0,238586.34042354525,2548425015.753593
10,"(-10275863.002681859, 4720395.4505066415)",29019,Boone County,Missouri,MO,691.121916787,35,8C,Bright Young Professionals,67947,0,0,1502,1346,1160,493,0,0,1291,0,802,0,0,0,4698,871,8898,0,790,0,6800,678,0,0,0,441,1844,0,0,0,0,0,0,723,9987,0,934,0,0,0,0,0,0,870,629,0,0,0,0,0,0,4653,1729,3625,0,0,835,541,0,0,0,0,0,0,0,6315,5492,0,8,Middle Ground,http://downloads.esri.com/esri_content_doc/dbl/us/tapestry/segment35.pdf,4008,1784,802,4698,10559,7919,1844,11644,1499,0,10007,1376,0,11807,286833.8695735634,2967215331.2413116
11,"(-10553767.311971232, 4816661.349999706)",29021,Buchanan County,Missouri,MO,414.593843917,57,12B,Traditional Living,34835,0,0,0,914,0,0,0,0,0,0,0,0,0,0,822,426,1942,559,2489,2427,2744,1100,0,577,0,2861,0,0,0,0,0,0,0,0,0,0,0,1421,3176,0,1665,0,0,0,1308,0,0,0,0,395,0,0,0,388,0,0,7511,2110,0,0,0,0,0,0,0,0,0,0,12,Hometown,http://downloads.esri.com/esri_content_doc/dbl/us/tapestry/segment57.pdf,914,0,0,822,7843,7282,0,4597,2973,395,388,9621,0,0,210543.18950471524,1814091869.2106118
12,"(-10064015.06397046, 4399683.494650007)",29023,Butler County,Missouri,MO,699.052359858,58,12C,Small Town Simplicity,18006,0,0,0,0,0,0,0,0,0,0,0,0,0,0,0,296,0,0,404,1677,1172,1365,590,0,0,1428,0,0,0,0,0,0,0,0,0,0,0,610,2443,0,0,0,416,0,589,1797,1663,0,0,831,0,0,0,0,0,0,0,2725,0,0,0,0,0,0,0,0,0,0,12,Hometown,http://downloads.esri.com/esri_content_doc/dbl/us/tapestry/segment58.pdf,0,0,0,0,2377,4555,0,3053,1005,4291,0,2725,0,0,293044.20371163456,2823099325.4765005
13,"(-10462119.147504758, 4816061.173342278)",29025,Caldwell County,Missouri,MO,429.59118194,22,6B,Salt of the Earth,3761,0,0,0,0,0,0,0,0,0,0,0,0,0,0,0,0,0,0,0,0,0,1136,0,669,0,847,0,0,0,0,0,0,0,0,0,0,0,0,0,0,0,0,0,0,0,0,267,0,0,0,0,0,0,0,0,0,0,842,0,0,0,0,0,0,0,0,0,0,6,Cozy Country Living,http://downloads.esri.com/esri_content_doc/dbl/us/tapestry/segment22.pdf,0,0,0,0,0,2652,0,0,0,267,0,842,0,0,175505.12226674386,1879489556.9086275
14,"(-10233143.39883389, 4698185.879834989)",29027,Callaway County,Missouri,MO,847.374729066,15,4C,Middleburg,16613,0,0,0,0,0,0,0,0,0,0,0,0,0,0,3649,409,0,0,0,1528,1295,2125,0,0,0,461,0,0,0,0,0,0,0,0,0,0,279,1283,0,0,0,0,0,0,0,2228,933,0,322,0,0,0,0,443,0,0,261,1396,0,0,0,0,0,0,0,0,0,1,4,Family Landscapes,http://downloads.esri.com/esri_content_doc/dbl/us/tapestry/segment15.pdf,0,0,0,3649,1937,3881,0,1562,0,3483,443,1657,0,0,284330.83744772855,3622311014.3011107
15,"(-10326683.586477323, 4583279.519056987)",29029,Camden County,Missouri,MO,708.621131121,25,6E,Rural Resort Dwellers,19729,0,0,0,0,0,0,0,0,0,0,0,0,0,0,1347,0,481,0,0,0,0,0,2622,0,8492,268,0,0,0,0,0,0,0,555,0,0,0,1288,0,2533,0,0,0,0,0,1379,764,0,0,0,0,0,0,0,0,0,0,0,0,0,0,0,0,0,0,0,0,0,6,Cozy Country Living,http://downloads.esri.com/esri_content_doc/dbl/us/tapestry/segment25.pdf,0,0,0,1347,481,11382,0,1843,2533,2143,0,0,0,0,304320.8595691624,2962635021.183231
16,"(-9983626.830795767, 4492826.963748781)",29031,Cape Girardeau County,Missouri,MO,586.071227911,21,6A,Green Acres,30700,0,0,0,547,0,0,0,0,0,0,0,0,927,0,1666,2134,3129,0,944,1137,4014,3040,0,0,0,0,0,0,0,0,0,0,0,0,0,0,524,1813,457,0,0,0,0,327,508,1825,841,0,0,0,0,793,0,2904,625,0,0,698,0,0,0,0,0,0,0,1847,0,0,6,Cozy Country Living,http://downloads.esri.com/esri_content_doc/dbl/us/tapestry/segment21.pdf,547,0,0,2593,7344,7054,0,2794,835,2666,4322,698,0,1847,253548.28604693443,2408484645.6469836
17,"(-10408950.089152206, 4783045.780155297)",29033,Carroll County,Missouri,MO,701.466725964,24,6D,Prairie Living,3862,0,0,0,0,0,0,0,0,0,0,0,0,0,0,0,0,0,0,0,0,0,0,0,1796,0,1569,0,0,0,0,0,0,0,0,0,0,0,0,0,0,0,0,0,0,0,0,0,0,0,0,0,0,0,0,0,0,0,497,0,0,0,0,0,0,0,0,0,0,6,Cozy Country Living,http://downloads.esri.com/esri_content_doc/dbl/us/tapestry/segment24.pdf,0,0,0,0,0,3365,0,0,0,0,0,497,0,0,320989.2474008393,3048960829.790685
18,"(-10125887.166511536, 4430934.522360695)",29035,Carter County,Missouri,MO,509.000694872,50,10E,Rural Bypasses,2624,0,0,0,0,0,0,0,0,0,0,0,0,0,0,0,0,0,0,0,0,0,0,353,0,276,0,0,0,0,0,0,0,0,0,0,0,0,0,0,0,0,0,0,0,0,0,575,0,0,940,0,0,0,0,0,0,0,480,0,0,0,0,0,0,0,0,0,0,10,Rustic Outposts,http://downloads.esri.com/esri_content_doc/dbl/us/tapestry/segment50.pdf,0,0,0,0,0,629,0,0,0,1515,0,480,0,0,204243.0871157401,2067586921.4089808
19,"(-10503535.22690926, 4671269.900235458)",29037,Cass County,Missouri,MO,702.363556321,21,6A,Green Acres,38066,0,0,0,1510,1102,0,0,0,0,0,0,0,1596,841,5901,1731,0,0,2921,0,7018,3540,0,750,0,1429,1208,0,0,0,0,0,0,0,1720,0,559,2871,0,0,0,0,0,0,0,0,0,0,806,0,0,0,0,0,0,0,2410,0,0,0,0,0,0,0,153,0,0,0,6,Cozy Country Living,http://downloads.esri.com/esri_content_doc/dbl/us/tapestry/segment21.pdf,2612,0,0,8338,4652,12737,1208,5150,0,806,0,2410,0,153,257606.9080330575,2986738790.7950583
20,"(-10448071.935592128, 4540509.615084993)",29039,Cedar County,Missouri,MO,498.633928989,47,10B,Rooted Rural,5845,0,0,0,0,0,0,0,0,0,0,0,0,0,0,0,0,0,0,0,1196,0,0,280,0,0,397,0,0,0,0,0,0,0,0,0,0,0,0,0,0,0,0,767,0,0,0,1972,0,0,0,0,0,0,0,0,0,0,1233,0,0,0,0,0,0,0,0,0,0,10,Rustic Outposts,http://downloads.esri.com/esri_content_doc/dbl/us/tapestry/segment47.pdf,0,0,0,0,1196,677,0,0,767,1972,0,1233,0,0,193255.95827645977,2067759095.8252156
21,"(-10348556.217185255, 4795758.673926963)",29041,Chariton County,Missouri,MO,766.802651787,24,6D,Prairie Living,3210,0,0,0,0,0,0,0,0,0,0,0,0,0,0,0,234,0,0,0,0,0,0,0,1811,0,344,0,0,0,0,0,0,0,0,0,0,0,0,0,0,0,0,0,0,0,0,448,0,0,0,0,0,0,0,0,0,0,373,0,0,0,0,0,0,0,0,0,0,6,Cozy Country Living,http://downloads.esri.com/esri_content_doc/dbl/us/tapestry/segment24.pdf,0,0,0,0,234,2155,0,0,0,448,0,373,0,0,308333.4071504551,3341335140.9823623
22,"(-10373740.82051035, 4434883.957810319)",29043,Christian County,Missouri,MO,563.863868615,15,4C,Middleburg,30595,0,0,0,0,0,0,0,0,0,0,0,0,538,0,14015,1640,0,0,1071,0,4424,2380,277,0,0,1993,929,0,0,0,0,0,0,0,1406,0,0,794,0,0,0,0,0,0,0,740,388,0,0,0,0,0,0,0,0,0,0,0,0,0,0,0,0,0,0,0,0,0,4,Family Landscapes,http://downloads.esri.com/esri_content_doc/dbl/us/tapestry/segment15.pdf,0,0,0,14553,2711,9074,929,2200,0,1128,0,0,0,0,235814.9648632922,2292136523.3418665
23,"(-10212272.112511924, 4925782.776942444)",29045,Clark County,Missouri,MO,511.993835145,47,10B,Rooted Rural,2928,0,0,0,0,0,0,0,0,0,0,0,0,0,0,0,0,0,0,0,0,0,0,0,801,288,900,0,0,0,0,0,0,0,0,0,0,0,0,0,0,0,0,0,0,0,0,939,0,0,0,0,0,0,0,0,0,0,0,0,0,0,0,0,0,0,0,0,0,10,Rustic Outposts,http://downloads.esri.com/esri_content_doc/dbl/us/tapestry/segment47.pdf,0,0,0,0,0,1989,0,0,0,939,0,0,0,0,215542.22408716998,2289731702.9375286
24,"(-10510880.696027791, 4766274.271722775)",29047,Clay County,Missouri,MO,408.550713712,19,5D,Rustbelt Traditions,90274,0,0,3412,2773,783,500,0,0,0,0,0,0,9380,2453,5478,4279,2444,1740,12250,3710,4889,932,382,0,0,2339,8207,0,486,0,0,0,0,704,3893,0,728,5362,303,0,0,0,0,0,0,435,0,0,306,0,0,2958,1729,2287,0,0,3858,1274,0,0,0,0,0,0,0,0,0,0,5,GenXurban,http://downloads.esri.com/esri_content_doc/dbl/us/tapestry/segment19.pdf,6968,500,0,17311,24423,8542,8693,10990,0,741,6974,5132,0,0,198899.63630204962,1769920525.7227347
25,"(-10509071.053696876, 4808261.530587444)",29049,Clinton County,Missouri,MO,423.546682856,22,6B,Salt of the Earth,7892,0,0,0,0,0,0,0,0,0,0,0,0,0,0,568,0,0,0,1693,346,1161,2317,252,435,0,0,0,0,0,0,0,0,0,0,0,0,346,0,0,0,0,0,0,0,0,0,0,0,0,0,0,0,0,0,0,0,279,495,0,0,0,0,0,0,0,0,0,0,6,Cozy Country Living,http://downloads.esri.com/esri_content_doc/dbl/us/tapestry/segment22.pdf,0,0,0,568,2039,4165,0,346,0,0,0,774,0,0,172905.17447059485,1850178962.4761477
26,"(-10272498.356782928, 4651170.236183375)",29051,Cole County,Missouri,MO,401.922378435,15,4C,Middleburg,30262,0,0,0,0,503,0,0,0,0,0,0,0,1019,0,5131,1527,4199,0,2366,2535,2313,1724,0,0,0,0,0,0,938,0,0,0,0,0,545,0,0,1913,0,0,0,0,0,578,0,0,340,0,0,0,0,578,0,1932,727,0,1394,0,0,0,0,0,0,0,0,0,0,0,4,Family Landscapes,http://downloads.esri.com/esri_content_doc/dbl/us/tapestry/segment15.pdf,503,0,0,6150,10627,4037,938,2458,578,340,3237,1394,0,0,232179.795979839,1702490896.3330245
27,"(-10331577.586288445, 4699304.139872368)",29053,Cooper County,Missouri,MO,569.176431565,24,6D,Prairie Living,6631,0,0,0,0,0,0,0,0,0,0,0,0,0,0,0,0,0,0,0,1386,494,0,0,1754,0,930,0,0,0,0,0,0,0,0,0,0,0,0,0,0,0,0,0,0,0,743,0,0,0,0,0,0,0,0,0,0,1014,310,0,0,0,0,0,0,0,0,0,0,6,Cozy Country Living,http://downloads.esri.com/esri_content_doc/dbl/us/tapestry/segment24.pdf,0,0,0,0,1386,3178,0,0,0,743,0,1324,0,0,205918.20712753152,2433617111.6374917
28,"(-10163912.57059618, 4576143.063055329)",29055,Crawford County,Missouri,MO,743.850687177,47,10B,Rooted Rural,10111,0,0,0,0,0,0,0,0,0,0,0,0,0,0,889,0,0,0,396,0,0,440,0,0,649,326,0,0,0,0,0,0,0,0,0,0,0,0,0,0,0,0,0,0,0,1326,2923,0,568,623,0,0,0,0,0,0,0,1971,0,0,0,0,0,0,0,0,0,0,10,Rustic Outposts,http://downloads.esri.com/esri_content_doc/dbl/us/tapestry/segment47.pdf,0,0,0,889,396,1415,0,0,0,5440,0,1971,0,0,243540.48471348552,3105676728.8895473
29,"(-10447364.899408925, 4499520.637987584)",29057,Dade County,Missouri,MO,506.284989947,47,10B,Rooted Rural,3290,0,0,0,0,0,0,0,0,0,0,0,0,0,0,0,0,0,0,0,0,0,0,0,0,854,415,0,0,0,0,0,0,0,0,0,0,0,0,0,0,0,0,0,0,0,0,1352,0,0,0,0,0,0,0,0,0,0,669,0,0,0,0,0,0,0,0,0,0,10,Rustic Outposts,http://downloads.esri.com/esri_content_doc/dbl/us/tapestry/segment47.pdf,0,0,0,0,0,1269,0,0,0,1352,0,669,0,0,183972.71862923345,2083232188.8766093
30,"(-10355340.098258171, 4534423.996922573)",29059,Dallas County,Missouri,MO,543.0776742,47,10B,Rooted Rural,6473,0,0,0,0,0,0,0,0,0,0,0,0,0,0,0,0,0,0,0,0,0,654,0,0,0,492,0,0,0,0,0,0,0,0,0,0,0,0,0,0,0,0,0,0,0,490,3727,0,0,0,0,0,0,0,0,0,0,1110,0,0,0,0,0,0,0,0,0,0,10,Rustic Outposts,http://downloads.esri.com/esri_content_doc/dbl/us/tapestry/segment47.pdf,0,0,0,0,0,1146,0,0,0,4217,0,1110,0,0,213627.44238439167,2249454756.9023514
31,"(-10462411.088594217, 4860268.774132939)",29061,Daviess County,Missouri,MO,568.997146692,24,6D,Prairie Living,3337,0,0,0,0,0,0,0,0,0,0,0,0,0,0,0,0,0,0,0,0,0,0,0,1837,422,736,0,0,0,0,0,0,0,0,0,0,0,0,0,0,0,0,0,0,0,0,0,0,0,0,0,0,0,0,0,0,0,342,0,0,0,0,0,0,0,0,0,0,6,Cozy Country Living,http://downloads.esri.com/esri_content_doc/dbl/us/tapestry/segment24.pdf,0,0,0,0,0,2995,0,0,0,0,0,342,0,0,203659.48833521197,2511413352.546786
32,"(-10509080.124194235, 4850454.229716072)",29063,DeKalb County,Missouri,MO,425.761142588,24,6D,Prairie Living,3892,0,0,0,0,0,0,0,0,0,0,0,0,0,0,0,60,0,0,0,0,0,273,0,1484,0,775,0,0,0,0,0,0,0,0,0,0,0,0,0,0,0,0,0,0,0,561,0,0,0,0,0,0,0,0,0,0,0,739,0,0,0,0,0,0,0,0,0,0,6,Cozy Country Living,http://downloads.esri.com/esri_content_doc/dbl/us/tapestry/segment24.pdf,0,0,0,0,60,2532,0,0,0,561,0,739,0,0,173959.70275398655,1875526600.0291238
33,"(-10186606.523168623, 4524030.268778067)",29065,Dent County,Missouri,MO,754.549081502,47,10B,Rooted Rural,6475,0,0,0,0,0,0,0,0,0,0,0,0,0,0,0,0,0,0,0,0,0,0,0,0,0,507,0,0,0,0,0,0,0,0,0,0,0,0,0,0,0,0,0,0,0,0,4132,0,0,0,0,0,0,0,0,0,0,1836,0,0,0,0,0,0,0,0,0,0,10,Rustic Outposts,http://downloads.esri.com/esri_content_doc/dbl/us/tapestry/segment47.pdf,0,0,0,0,0,507,0,0,0,4132,0,1836,0,0,272820.43891632336,3119218152.5162625
34,"(-10296917.582897969, 4429729.44859786)",29067,Douglas County,Missouri,MO,814.739409779,47,10B,Rooted Rural,5656,0,0,0,0,0,0,0,0,0,0,0,0,0,0,0,0,0,0,0,459,0,571,0,0,0,0,0,0,0,0,0,0,0,0,0,0,0,0,0,0,0,0,340,0,0,0,3202,0,0,0,0,0,0,0,0,0,0,1084,0,0,0,0,0,0,0,0,0,0,10,Rustic Outposts,http://downloads.esri.com/esri_content_doc/dbl/us/tapestry/segment47.pdf,0,0,0,0,459,571,0,0,340,3202,0,1084,0,0,255125.83121156343,3308768170.9532948
35,"(-10028858.19800533, 4338221.968073745)",29069,Dunklin County,Missouri,MO,546.86059774,50,10E,Rural Bypasses,12980,0,0,0,0,0,0,0,0,0,0,0,0,0,0,0,0,0,0,0,1075,0,0,0,255,0,1282,0,0,0,0,0,0,0,0,0,0,0,0,1449,0,0,0,0,0,0,0,2157,0,0,3475,0,0,0,0,0,0,0,2944,343,0,0,0,0,0,0,0,0,0,10,Rustic Outposts,http://downloads.esri.com/esri_content_doc/dbl/us/tapestry/segment50.pdf,0,0,0,0,1075,1537,0,1449,0,5632,0,3287,0,0,330908.4957923927,2183525011.765259
36,"(-10138423.118598856, 4637709.849607243)",29071,Franklin County,Missouri,MO,930.460225195,22,6B,Salt of the Earth,39934,0,0,0,461,0,0,0,0,0,0,0,0,0,0,6635,632,0,1207,640,1005,5116,10327,0,0,0,1814,0,0,0,0,0,0,0,0,0,0,2151,1855,1099,0,0,0,0,0,0,3801,372,0,1528,0,0,0,0,0,0,0,218,1073,0,0,0,0,0,0,0,0,0,0,6,Cozy Country Living,http://downloads.esri.com/esri_content_doc/dbl/us/tapestry/segment22.pdf,461,0,0,6635,3484,17257,0,5105,0,5701,0,1291,0,0,289011.51805246493,3931059341.15067
37,"(-10186618.632065753, 4641850.895184981)",29073,Gasconade County,Missouri,MO,524.460500505,47,10B,Rooted Rural,6351,0,0,0,0,0,0,0,0,0,0,0,0,0,0,0,0,0,0,0,436,0,955,0,421,0,1727,0,0,0,0,0,0,0,0,0,0,0,0,0,0,0,0,0,327,0,0,2485,0,0,0,0,0,0,0,0,0,0,0,0,0,0,0,0,0,0,0,0,0,10,Rustic Outposts,http://downloads.esri.com/esri_content_doc/dbl/us/tapestry/segment47.pdf,0,0,0,0,436,3103,0,0,327,2485,0,0,0,0,220934.87924642122,2217542281.3820205
38,"(-10509662.417525407, 4896844.357165017)",29075,Gentry County,Missouri,MO,491.813211009,26,6F,Heartland Communities,2729,0,0,0,0,0,0,0,0,0,0,0,0,0,0,0,0,0,0,0,530,0,0,0,702,0,734,0,0,0,0,0,0,0,0,0,0,0,0,0,0,0,0,0,0,0,0,475,0,0,0,0,0,0,0,0,0,0,288,0,0,0,0,0,0,0,0,0,0,6,Cozy Country Living,http://downloads.esri.com/esri_content_doc/dbl/us/tapestry/segment26.pdf,0,0,0,0,530,1436,0,0,0,475,0,288,0,0,188003.41447735284,2186706503.8184495
39,"(-10390787.357574673, 4475160.15324161)",29077,Greene County,Missouri,MO,677.848083246,15,4C,Middleburg,117774,0,0,0,1514,4386,0,0,0,0,0,0,0,3987,0,14947,7385,2246,0,4882,8551,3380,4257,269,288,0,2495,1034,0,0,0,0,0,0,1216,1585,0,0,12500,7679,0,0,0,0,2174,644,0,0,0,662,0,0,1635,726,7728,0,0,7697,1778,0,0,0,0,0,0,0,9993,2136,0,4,Family Landscapes,http://downloads.esri.com/esri_content_doc/dbl/us/tapestry/segment15.pdf,5900,0,0,18934,23064,10689,1034,22980,2818,662,10089,9475,0,12129,217835.2271139881,2776384969.9351125
40,"(-10415648.256643923, 4882537.932858716)",29079,Grundy County,Missouri,MO,438.090571291,24,6D,Prairie Living,4272,0,0,0,0,0,0,0,0,0,0,0,0,0,0,0,0,0,0,0,0,0,329,0,1305,0,1057,0,0,0,0,0,0,0,0,0,0,0,0,0,0,0,0,0,550,0,0,336,0,0,0,0,0,0,0,0,0,0,695,0,0,0,0,0,0,0,0,0,0,6,Cozy Country Living,http://downloads.esri.com/esri_content_doc/dbl/us/tapestry/segment24.pdf,0,0,0,0,0,2691,0,0,550,336,0,695,0,0,177923.60190083933,1942261134.8420277
41,"(-10463148.084611831, 4917667.8667319715)",29081,Harrison County,Missouri,MO,726.366832095,24,6D,Prairie Living,3740,0,0,0,0,0,0,0,0,0,0,0,0,0,0,0,0,0,0,0,0,0,0,0,1673,0,1211,0,0,0,0,0,0,0,0,0,0,0,0,0,0,0,0,0,0,0,0,285,0,0,0,0,0,0,0,0,0,0,571,0,0,0,0,0,0,0,0,0,0,6,Cozy Country Living,http://downloads.esri.com/esri_content_doc/dbl/us/tapestry/segment24.pdf,0,0,0,0,0,2884,0,0,0,285,0,571,0,0,233626.99352672746,3243135486.0258775
42,"(-10440963.74197607, 4634012.550361252)",29083,Henry County,Missouri,MO,732.265723359,26,6F,Heartland Communities,9446,0,0,0,0,0,0,0,0,0,0,0,0,0,0,0,0,0,0,0,0,521,407,1130,0,0,2046,0,0,0,0,0,0,0,0,0,0,0,0,0,494,0,0,0,430,0,459,1336,0,0,0,0,0,0,0,0,0,927,1696,0,0,0,0,0,0,0,0,0,0,6,Cozy Country Living,http://downloads.esri.com/esri_content_doc/dbl/us/tapestry/segment26.pdf,0,0,0,0,0,4104,0,0,924,1795,0,2623,0,0,229205.72114573096,3091508591.229045
43,"(-10388408.81082285, 4571080.110769782)",29085,Hickory County,Missouri,MO,411.731414163,43,9D,Senior Escapes,4327,0,0,0,0,0,0,0,0,0,0,0,0,0,0,0,0,0,0,0,0,0,0,0,0,1146,310,0,0,0,0,0,0,0,0,0,0,0,0,0,0,0,0,1932,0,0,0,939,0,0,0,0,0,0,0,0,0,0,0,0,0,0,0,0,0,0,0,0,0,9,Senior Styles,http://downloads.esri.com/esri_content_doc/dbl/us/tapestry/segment43.pdf,0,0,0,0,0,1456,0,0,1932,939,0,0,0,0,185228.5355093609,1717371483.3574574
44,"(-10599372.381353866, 4879709.987997112)",29087,Holt County,Missouri,MO,470.849330384,26,6F,Heartland Communities,2084,0,0,0,0,0,0,0,0,0,0,0,0,0,0,0,0,0,0,0,0,0,0,0,587,247,913,0,0,0,0,0,0,0,0,0,0,0,0,0,0,0,0,0,0,0,0,337,0,0,0,0,0,0,0,0,0,0,0,0,0,0,0,0,0,0,0,0,0,6,Cozy Country Living,http://downloads.esri.com/esri_content_doc/dbl/us/tapestry/segment26.pdf,0,0,0,0,0,1747,0,0,0,337,0,0,0,0,269082.66014075466,2086312650.8899808
45,"(-10318894.56865559, 4742118.641478692)",29089,Howard County,Missouri,MO,471.381284754,26,6F,Heartland Communities,4040,0,0,0,0,0,0,0,0,0,0,0,0,0,0,0,0,0,0,0,0,0,0,821,447,0,1155,0,0,0,0,0,0,0,0,0,0,0,387,0,0,0,0,0,0,0,962,0,0,0,0,0,0,0,0,0,0,0,268,0,0,0,0,0,0,0,0,0,0,6,Cozy Country Living,http://downloads.esri.com/esri_content_doc/dbl/us/tapestry/segment26.pdf,0,0,0,0,0,2423,0,387,0,962,0,268,0,0,191208.3196589237,2032434530.89043
46,"(-10228757.450004589, 4407716.112838572)",29091,Howell County,Missouri,MO,928.216147231,47,10B,Rooted Rural,16594,0,0,0,0,0,0,0,0,0,0,0,0,0,0,0,0,0,0,0,593,0,1770,0,0,0,2401,0,0,0,0,0,0,0,0,0,0,0,0,0,0,0,0,0,0,311,2543,5112,0,0,0,0,0,0,0,0,0,388,3476,0,0,0,0,0,0,0,0,0,0,10,Rustic Outposts,http://downloads.esri.com/esri_content_doc/dbl/us/tapestry/segment47.pdf,0,0,0,0,593,4171,0,0,311,7655,0,3864,0,0,257327.4635729171,3754171602.743473
47,"(-10104873.615347262, 4516814.235663306)",29093,Iron County,Missouri,MO,552.136836941,47,10B,Rooted Rural,4437,0,0,0,0,0,0,0,0,0,0,0,0,0,0,0,0,0,0,0,0,0,0,0,0,0,350,0,0,0,0,0,0,0,0,0,0,0,0,0,0,0,0,0,0,0,248,1872,548,0,831,0,0,0,0,0,0,0,588,0,0,0,0,0,0,0,0,0,0,10,Rustic Outposts,http://downloads.esri.com/esri_content_doc/dbl/us/tapestry/segment47.pdf,0,0,0,0,0,350,0,0,0,3499,0,588,0,0,273880.2261506509,2279347560.006823
48,"(-10502559.662204793, 4722921.60240684)",29095,Jackson County,Missouri,MO,616.106277304,19,5D,Rustbelt Traditions,277285,2638,3967,2509,4798,3725,1927,0,0,0,0,10759,0,13338,11601,7213,6207,2907,5304,24704,11849,6635,2040,0,0,0,1534,4398,0,1009,5872,0,501,220,13796,7735,0,2616,15929,8429,276,1968,1122,0,4245,891,603,0,0,1017,0,0,6982,9420,4048,7796,5827,17402,6444,19927,329,0,0,1544,0,0,3277,0,7,5,GenXurban,http://downloads.esri.com/esri_content_doc/dbl/us/tapestry/segment19.pdf,17637,1927,10759,32152,50971,10209,11780,48725,8502,1620,28246,49600,1873,3277,226778.55525897525,2646459780.1045074
49,"(-10501951.163665729, 4467537.160381985)",29097,Jasper County,Missouri,MO,641.250856303,57,12B,Traditional Living,46594,0,0,0,0,0,0,0,0,0,0,0,0,0,361,5870,410,909,0,2509,3042,723,3639,0,460,0,3541,0,0,0,815,0,0,0,0,0,0,0,5460,2780,0,0,0,0,0,429,2563,424,0,352,0,0,0,0,676,0,0,10050,1581,0,0,0,0,0,0,0,0,0,0,12,Hometown,http://downloads.esri.com/esri_content_doc/dbl/us/tapestry/segment57.pdf,0,0,0,6231,6870,8363,815,8240,429,3339,676,11631,0,0,210920.01650805195,2622723755.3804536
50,"(-10078613.499935208, 4616413.561888905)",29099,Jefferson County,Missouri,MO,664.403992193,21,6A,Green Acres,83417,0,0,0,0,0,0,0,0,0,0,0,0,8346,6134,11219,370,0,8979,2529,301,15697,9093,1419,0,0,2513,0,0,0,0,0,0,0,0,2110,0,509,535,0,0,0,0,0,0,0,8294,0,0,2927,0,0,0,0,0,0,0,0,2442,0,0,0,0,0,0,0,0,0,0,6,Cozy Country Living,http://downloads.esri.com/esri_content_doc/dbl/us/tapestry/segment21.pdf,0,0,0,25699,12179,28722,0,3154,0,11221,0,2442,0,0,264741.21644477046,2795502601.1013527
51,"(-10442480.557055477, 4685113.238172009)",29101,Johnson County,Missouri,MO,833.237161717,15,4C,Middleburg,20181,0,0,0,0,0,0,0,0,0,0,0,0,0,0,4572,0,0,0,0,0,2383,2900,0,486,0,388,977,0,0,0,0,0,0,0,968,0,0,1365,0,0,0,0,0,0,0,617,0,0,0,0,0,0,0,509,0,0,1081,0,0,0,0,0,0,0,384,2150,1401,0,4,Family Landscapes,http://downloads.esri.com/esri_content_doc/dbl/us/tapestry/segment15.pdf,0,0,0,4572,0,6157,977,2333,0,617,509,1081,0,3935,246458.58824179554,3552818307.437032
52,"(-10257875.047108531, 4884624.048703092)",29103,Knox County,Missouri,MO,506.763727191,24,6D,Prairie Living,1687,0,0,0,0,0,0,0,0,0,0,0,0,0,0,0,0,0,0,0,0,0,0,0,937,0,491,0,0,0,0,0,0,0,0,0,0,0,0,0,0,0,0,0,0,0,0,259,0,0,0,0,0,0,0,0,0,0,0,0,0,0,0,0,0,0,0,0,0,6,Cozy Country Living,http://downloads.esri.com/esri_content_doc/dbl/us/tapestry/segment24.pdf,0,0,0,0,0,1428,0,0,0,259,0,0,0,0,191242.76736011676,2247660881.6641207
53,"(-10307114.62154197, 4531304.15749665)",29105,Laclede County,Missouri,MO,768.016150877,46,10A,Southern Satellites,14296,0,0,0,0,0,0,0,0,0,0,0,0,0,0,0,0,0,0,0,1609,0,1193,0,295,0,0,0,0,0,0,0,0,0,0,0,0,0,0,1232,0,0,0,0,0,305,3568,2755,0,0,585,0,0,0,0,0,0,1627,1127,0,0,0,0,0,0,0,0,0,0,10,Rustic Outposts,http://downloads.esri.com/esri_content_doc/dbl/us/tapestry/segment46.pdf,0,0,0,0,1609,1488,0,1232,305,6908,0,2754,0,0,261771.47279223835,3179276574.982241
54,"(-10440163.137350945, 4731086.565783662)",29107,Lafayette County,Missouri,MO,638.843203526,26,6F,Heartland Communities,13173,0,0,0,0,0,0,0,0,0,0,0,0,0,0,0,0,0,0,507,390,1536,2757,0,910,0,3151,0,0,0,0,0,0,0,0,0,0,0,0,0,0,0,0,0,0,0,1327,0,0,487,0,0,0,0,0,0,0,379,1729,0,0,0,0,0,0,0,0,0,0,6,Cozy Country Living,http://downloads.esri.com/esri_content_doc/dbl/us/tapestry/segment26.pdf,0,0,0,0,897,8354,0,0,0,1814,0,2108,0,0,269388.0388500837,2748518728.018073
55,"(-10445436.384244146, 4453970.023937165)",29109,Lawrence County,Missouri,MO,613.333686693,26,6F,Heartland Communities,15121,0,0,0,0,0,0,0,0,0,0,0,0,0,0,1623,0,0,0,0,332,613,1446,0,1020,0,2839,0,0,0,0,0,0,0,0,0,0,0,0,0,0,0,0,0,0,0,2343,1996,0,0,216,0,0,0,0,0,0,407,2286,0,0,0,0,0,0,0,0,0,0,6,Cozy Country Living,http://downloads.esri.com/esri_content_doc/dbl/us/tapestry/segment26.pdf,0,0,0,1623,332,5918,0,0,0,4555,0,2693,0,0,200437.11165843657,2502159438.9622335
56,"(-10210463.791314924, 4880059.100755814)",29111,Lewis County,Missouri,MO,510.848532265,22,6B,Salt of the Earth,3935,0,0,0,0,0,0,0,0,0,0,0,0,0,0,0,0,0,0,0,320,0,1204,0,520,0,1108,0,0,0,0,0,0,0,0,0,0,0,0,0,0,0,0,0,0,0,0,302,0,0,0,0,0,0,0,0,0,0,481,0,0,0,0,0,0,0,0,0,0,6,Cozy Country Living,http://downloads.esri.com/esri_content_doc/dbl/us/tapestry/segment22.pdf,0,0,0,0,320,2832,0,0,0,302,0,481,0,0,200927.2482687718,2263706439.6377897
57,"(-10125624.253012367, 4730008.159578725)",29113,Lincoln County,Missouri,MO,640.507729767,15,4C,Middleburg,19517,0,0,0,0,0,0,0,0,0,0,0,0,0,0,7984,0,0,0,0,0,2487,2029,0,278,0,1903,0,0,0,0,0,0,0,0,0,0,0,0,0,0,0,0,0,0,0,3946,554,0,0,0,0,0,0,0,0,0,336,0,0,0,0,0,0,0,0,0,0,0,4,Family Landscapes,http://downloads.esri.com/esri_content_doc/dbl/us/tapestry/segment15.pdf,0,0,0,7984,0,6697,0,0,0,4500,0,336,0,0,260034.83726179466,2755097021.899383
58,"(-10364641.161238318, 4847126.424306592)",29115,Linn County,Missouri,MO,621.430008537,26,6F,Heartland Communities,5259,0,0,0,0,0,0,0,0,0,0,0,0,0,0,0,0,0,0,0,293,0,0,0,1833,0,2052,0,0,0,0,0,0,0,0,0,0,0,0,0,0,0,0,0,0,0,0,309,0,0,0,0,0,0,0,0,0,0,772,0,0,0,0,0,0,0,0,0,0,6,Cozy Country Living,http://downloads.esri.com/esri_content_doc/dbl/us/tapestry/segment26.pdf,0,0,0,0,293,3885,0,0,0,309,0,772,0,0,211106.52088964978,2735653094.0658
59,"(-10413748.597649561, 4834358.052798412)",29117,Livingston County,Missouri,MO,538.613083001,24,6D,Prairie Living,5917,0,0,0,0,0,0,0,0,0,0,0,0,0,0,0,0,0,0,0,1254,0,292,0,2042,0,0,0,0,0,0,0,0,0,0,0,0,0,0,0,0,0,0,0,424,0,0,0,0,0,0,0,0,0,0,0,0,0,1905,0,0,0,0,0,0,0,0,0,0,6,Cozy Country Living,http://downloads.esri.com/esri_content_doc/dbl/us/tapestry/segment24.pdf,0,0,0,0,1254,2334,0,0,424,0,0,1905,0,0,223538.68885675573,2365052823.771436
60,"(-10502812.27878434, 4387489.986523257)",29119,McDonald County,Missouri,MO,539.595375152,46,10A,Southern Satellites,8703,0,0,0,0,0,0,0,0,0,0,0,0,0,0,0,0,0,0,0,0,0,527,0,0,0,1586,0,0,0,578,0,0,0,0,0,0,0,0,491,0,0,0,0,0,0,4134,0,0,1041,0,0,0,0,0,0,0,0,346,0,0,0,0,0,0,0,0,0,0,10,Rustic Outposts,http://downloads.esri.com/esri_content_doc/dbl/us/tapestry/segment46.pdf,0,0,0,0,0,2113,578,491,0,5175,0,346,0,0,193733.87965822066,2174210205.7880707
61,"(-10304244.433962086, 4841426.397143342)",29121,Macon County,Missouri,MO,812.390176726,26,6F,Heartland Communities,6427,0,0,0,0,0,0,0,0,0,0,0,0,0,0,0,0,0,0,0,1245,0,386,0,1173,0,2155,0,0,0,0,0,0,0,0,0,0,0,0,230,0,0,0,0,0,0,0,1025,0,0,0,0,0,0,0,0,0,213,0,0,0,0,0,0,0,0,0,0,0,6,Cozy Country Living,http://downloads.esri.com/esri_content_doc/dbl/us/tapestry/segment26.pdf,0,0,0,0,1245,3714,0,230,0,1025,0,213,0,0,251319.50919864266,3572232979.503355
62,"(-10057156.996191623, 4505977.930547803)",29123,Madison County,Missouri,MO,497.736623818,47,10B,Rooted Rural,5011,0,0,0,0,0,0,0,0,0,0,0,0,0,0,0,0,0,0,0,423,0,388,0,0,0,407,0,0,0,0,0,0,0,0,0,0,0,0,0,0,0,0,0,0,0,649,1751,0,0,0,0,0,0,0,0,0,302,1091,0,0,0,0,0,0,0,0,0,0,10,Rustic Outposts,http://downloads.esri.com/esri_content_doc/dbl/us/tapestry/segment47.pdf,0,0,0,0,423,795,0,0,0,2400,0,1393,0,0,182701.16363329763,2050560177.5603993
63,"(-10233024.489985377, 4602296.654492345)",29125,Maries County,Missouri,MO,529.900990008,22,6B,Salt of the Earth,3752,0,0,0,0,0,0,0,0,0,0,0,0,0,0,0,0,0,0,0,0,0,1488,0,0,0,1077,0,0,0,0,0,0,0,0,0,0,0,0,0,0,0,0,0,0,0,484,703,0,0,0,0,0,0,0,0,0,0,0,0,0,0,0,0,0,0,0,0,0,6,Cozy Country Living,http://downloads.esri.com/esri_content_doc/dbl/us/tapestry/segment22.pdf,0,0,0,0,0,2565,0,0,0,1187,0,0,0,0,206730.0585068312,2223532108.660101
64,"(-10199351.479126593, 4837804.208024386)",29127,Marion County,Missouri,MO,444.426582192,20,5E,Midlife Constants,11482,0,0,0,0,0,0,0,0,0,0,0,0,0,0,0,0,0,0,597,2084,283,2078,0,667,0,881,0,0,0,0,0,0,0,0,0,0,0,588,1213,0,0,0,0,0,0,0,0,0,0,0,0,0,0,222,0,0,1045,1824,0,0,0,0,0,0,0,0,0,0,5,GenXurban,http://downloads.esri.com/esri_content_doc/dbl/us/tapestry/segment20.pdf,0,0,0,0,2681,3909,0,1801,0,0,222,2869,0,0,198701.90784981177,1952819770.7527497
65,"(-10416002.007162966, 4927530.031601943)",29129,Mercer County,Missouri,MO,454.985663198,24,6D,Prairie Living,1551,0,0,0,0,0,0,0,0,0,0,0,0,0,0,0,0,0,0,0,0,0,0,0,628,391,532,0,0,0,0,0,0,0,0,0,0,0,0,0,0,0,0,0,0,0,0,0,0,0,0,0,0,0,0,0,0,0,0,0,0,0,0,0,0,0,0,0,0,6,Cozy Country Living,http://downloads.esri.com/esri_content_doc/dbl/us/tapestry/segment24.pdf,0,0,0,0,0,1551,0,0,0,0,0,0,0,0,182792.88450551298,2035498405.27373
66,"(-10289089.508332863, 4609806.781275501)",29131,Miller County,Missouri,MO,600.181228878,46,10A,Southern Satellites,10170,0,0,0,0,0,0,0,0,0,0,0,0,0,0,0,0,0,0,0,323,0,1266,0,0,1037,260,0,0,0,0,0,0,0,0,0,0,0,1029,0,0,0,0,0,0,0,3273,1009,0,0,0,0,0,0,0,0,0,590,1383,0,0,0,0,0,0,0,0,0,0,10,Rustic Outposts,http://downloads.esri.com/esri_content_doc/dbl/us/tapestry/segment46.pdf,0,0,0,0,323,2563,0,1029,0,4282,0,1973,0,0,232634.2238991437,2522074787.822146
67,"(-9939839.193405848, 4415203.992538434)",29133,Mississippi County,Missouri,MO,428.827304617,58,12C,Small Town Simplicity,5174,0,0,0,0,0,0,0,0,0,0,0,0,0,0,0,0,0,0,0,572,0,0,0,279,0,332,0,0,0,0,0,0,0,0,0,0,0,0,0,0,0,0,0,0,0,744,0,0,0,665,0,0,0,0,488,0,0,1778,316,0,0,0,0,0,0,0,0,0,12,Hometown,http://downloads.esri.com/esri_content_doc/dbl/us/tapestry/segment58.pdf,0,0,0,0,572,611,0,0,0,1409,488,2094,0,0,241898.0223537714,1736813128.5390542
68,"(-10306295.480917191, 4669233.724943369)",29135,Moniteau County,Missouri,MO,418.883364679,24,6D,Prairie Living,5690,0,0,0,0,0,0,0,0,0,0,0,0,0,0,0,0,0,0,0,0,666,459,0,1814,0,1396,0,0,0,0,0,0,0,0,0,0,0,0,0,0,0,0,0,0,0,293,0,0,0,258,0,0,0,0,0,0,804,0,0,0,0,0,0,0,0,0,0,0,6,Cozy Country Living,http://downloads.esri.com/esri_content_doc/dbl/us/tapestry/segment24.pdf,0,0,0,0,0,4335,0,0,0,551,0,804,0,0,205146.97932472554,1780560699.3197453
69,"(-10241470.798528599, 4792914.846024786)",29137,Monroe County,Missouri,MO,670.172821667,26,6F,Heartland Communities,3617,0,0,0,0,0,0,0,0,0,0,0,0,0,0,0,0,0,0,0,0,0,0,287,336,614,1265,0,0,0,0,0,0,0,0,0,0,0,0,0,0,0,0,0,0,0,0,895,0,0,0,0,0,0,0,0,0,0,220,0,0,0,0,0,0,0,0,0,0,6,Cozy Country Living,http://downloads.esri.com/esri_content_doc/dbl/us/tapestry/segment26.pdf,0,0,0,0,0,2502,0,0,0,895,0,220,0,0,225116.86797414185,2918630321.720068
70,"(-10182407.944900863, 4713248.163702745)",29139,Montgomery County,Missouri,MO,542.100490362,47,10B,Rooted Rural,4879,0,0,0,0,0,0,0,0,0,0,0,0,0,0,0,0,0,0,0,0,0,652,0,645,0,653,0,0,0,0,0,0,0,0,0,0,0,0,0,0,0,0,0,0,0,0,1912,0,0,0,0,0,0,0,0,0,0,1017,0,0,0,0,0,0,0,0,0,0,10,Rustic Outposts,http://downloads.esri.com/esri_content_doc/dbl/us/tapestry/segment47.pdf,0,0,0,0,0,1950,0,0,0,1912,0,1017,0,0,211925.37905667492,2324167389.3640337
71,"(-10340028.045316791, 4639511.134817029)",29141,Morgan County,Missouri,MO,613.808674816,25,6E,Rural Resort Dwellers,8628,0,0,0,0,0,0,0,0,0,0,0,0,0,0,0,0,0,0,0,0,0,0,0,328,3416,776,0,0,0,0,0,0,0,0,0,0,0,0,0,0,0,0,0,0,0,0,3264,0,0,0,0,0,0,0,0,0,0,844,0,0,0,0,0,0,0,0,0,0,6,Cozy Country Living,http://downloads.esri.com/esri_content_doc/dbl/us/tapestry/segment25.pdf,0,0,0,0,0,4520,0,0,0,3264,0,844,0,0,244460.2263250461,2594154620.9206796
72,"(-9979955.24367021, 4382770.068609188)",29143,New Madrid County,Missouri,MO,697.61015268,47,10B,Rooted Rural,7734,0,0,0,0,0,0,0,0,0,0,0,0,0,0,744,423,0,0,0,408,0,0,0,0,0,256,0,0,0,0,0,0,0,0,0,0,0,0,0,0,0,0,0,0,0,0,2283,0,0,1458,0,0,0,0,0,0,0,1892,270,0,0,0,0,0,0,0,0,0,10,Rustic Outposts,http://downloads.esri.com/esri_content_doc/dbl/us/tapestry/segment47.pdf,0,0,0,744,831,256,0,0,0,3741,0,2162,0,0,333699.71075908584,2808444487.588249
73,"(-10501794.636854323, 4425961.875093874)",29145,Newton County,Missouri,MO,626.569180768,46,10A,Southern Satellites,22773,0,0,0,437,0,0,0,0,0,0,0,0,0,0,424,0,0,0,0,2232,965,3992,0,2037,0,3540,0,0,0,0,0,0,0,0,0,0,0,616,256,0,0,0,0,0,0,4422,1043,0,686,382,0,0,0,537,0,0,604,600,0,0,0,0,0,0,0,0,0,0,10,Rustic Outposts,http://downloads.esri.com/esri_content_doc/dbl/us/tapestry/segment46.pdf,437,0,0,424,2232,10534,0,872,0,6533,537,1204,0,0,206318.79104844233,2542793988.168341
74,"(-10562381.800679391, 4918558.793896906)",29147,Nodaway County,Missouri,MO,877.846377337,66,14B,College Towns,8852,0,0,0,0,0,0,0,0,0,0,0,0,0,0,0,0,810,0,0,0,0,698,0,2409,0,1062,0,0,0,0,0,0,0,0,0,0,0,365,0,0,0,0,0,0,0,0,0,0,0,0,0,0,0,477,0,0,0,0,0,0,0,0,0,0,0,2717,314,0,14,Scholars and Patriots,http://downloads.esri.com/esri_content_doc/dbl/us/tapestry/segment66.pdf,0,0,0,0,810,4169,0,365,0,0,477,0,0,3031,276747.4579584678,3920176027.1930695
75,"(-10174967.83681456, 4395560.969573795)",29149,Oregon County,Missouri,MO,791.653072212,47,10B,Rooted Rural,4658,0,0,0,0,0,0,0,0,0,0,0,0,0,0,0,0,0,0,0,0,0,0,0,0,0,0,0,0,0,0,0,0,0,0,0,0,0,0,0,0,0,0,0,0,0,0,3141,0,0,436,0,0,0,0,0,0,0,1081,0,0,0,0,0,0,0,0,0,0,10,Rustic Outposts,http://downloads.esri.com/esri_content_doc/dbl/us/tapestry/segment47.pdf,0,0,0,0,0,0,0,0,0,3577,0,1081,0,0,231885.81684506882,3194618752.962702
76,"(-10225935.362345787, 4644620.63990482)",29151,Osage County,Missouri,MO,610.458196118,22,6B,Salt of the Earth,5486,0,0,0,0,0,0,0,0,0,0,0,0,0,0,0,0,0,0,0,0,0,1611,0,812,0,261,0,0,0,0,0,0,0,0,0,0,0,0,0,0,0,0,0,0,0,866,1164,0,0,0,0,0,0,0,0,0,0,772,0,0,0,0,0,0,0,0,0,0,6,Cozy Country Living,http://downloads.esri.com/esri_content_doc/dbl/us/tapestry/segment22.pdf,0,0,0,0,0,2684,0,0,0,2030,0,772,0,0,238452.31866993118,2582545552.2359505
77,"(-10290891.417886775, 4390352.125352707)",29153,Ozark County,Missouri,MO,755.376481421,47,10B,Rooted Rural,4225,0,0,0,0,0,0,0,0,0,0,0,0,0,0,0,0,0,0,0,0,0,0,0,0,906,0,0,0,0,0,0,0,0,0,0,0,0,0,0,0,0,0,0,0,0,264,2639,0,0,0,0,0,0,0,0,0,0,416,0,0,0,0,0,0,0,0,0,0,10,Rustic Outposts,http://downloads.esri.com/esri_content_doc/dbl/us/tapestry/segment47.pdf,0,0,0,0,0,906,0,0,0,2903,0,416,0,0,229480.13475684333,3045281417.863694
78,"(-9994914.323706578, 4330001.960593232)",29155,Pemiscot County,Missouri,MO,509.58678734,58,12C,Small Town Simplicity,7207,0,0,0,0,0,0,0,0,0,0,0,0,0,0,0,0,0,0,0,444,0,0,0,0,0,0,0,0,0,0,0,0,0,0,0,0,0,0,1175,0,0,0,0,0,295,763,1067,0,0,579,0,0,0,0,996,0,0,1370,518,0,0,0,0,0,0,0,0,0,12,Hometown,http://downloads.esri.com/esri_content_doc/dbl/us/tapestry/segment58.pdf,0,0,0,0,444,0,0,1175,295,2409,996,1888,0,0,235249.73196790542,2031625933.7386436
79,"(-9999213.141743248, 4538151.410660351)",29157,Perry County,Missouri,MO,484.134764601,26,6F,Heartland Communities,7835,0,0,0,0,0,0,0,0,0,0,0,0,0,0,0,0,0,0,0,276,0,2334,0,1153,0,2491,0,0,0,0,0,0,0,0,0,0,0,0,0,0,0,0,0,0,0,1041,0,0,0,0,0,0,0,0,0,0,540,0,0,0,0,0,0,0,0,0,0,0,6,Cozy Country Living,http://downloads.esri.com/esri_content_doc/dbl/us/tapestry/segment26.pdf,0,0,0,0,276,5978,0,0,0,1041,0,540,0,0,240929.22125923613,2006733255.9203215
80,"(-10384450.492944164, 4682866.334671007)",29159,Pettis County,Missouri,MO,686.206510448,26,6F,Heartland Communities,16544,0,0,0,0,0,0,0,0,0,0,0,0,0,0,715,0,0,0,1010,500,745,2058,0,833,0,3456,0,0,0,389,0,0,0,0,0,0,0,260,1625,0,0,0,0,940,0,1557,0,0,0,0,0,0,0,0,0,0,1706,750,0,0,0,0,0,0,0,0,0,0,6,Cozy Country Living,http://downloads.esri.com/esri_content_doc/dbl/us/tapestry/segment26.pdf,0,0,0,715,1510,7092,389,1885,940,1557,0,2456,0,0,222807.01720444037,2924617662.963862
81,"(-10218260.033875909, 4562124.056517245)",29161,Phelps County,Missouri,MO,674.234809855,66,14B,College Towns,17870,0,0,0,0,0,0,0,0,0,0,0,0,0,0,0,1413,937,0,0,0,0,1885,702,474,0,1708,0,0,0,0,0,0,0,0,576,0,0,1086,0,0,0,0,0,0,0,1906,934,0,0,0,0,0,0,1607,0,0,674,1553,0,0,0,0,0,0,0,2415,0,0,14,Scholars and Patriots,http://downloads.esri.com/esri_content_doc/dbl/us/tapestry/segment66.pdf,0,0,0,0,2350,4769,0,1662,0,2840,1607,2227,0,2415,268030.0838493288,2807489151.251689
82,"(-10149151.364630098, 4771076.234986376)",29163,Pike County,Missouri,MO,684.745284009,26,6F,Heartland Communities,6582,0,0,0,0,0,0,0,0,0,0,0,0,0,0,0,0,0,0,384,0,0,887,0,1204,0,1805,0,0,0,0,0,0,0,0,0,0,0,0,0,0,0,0,0,0,0,405,1055,0,0,0,0,0,0,0,0,0,0,842,0,0,0,0,0,0,0,0,0,0,6,Cozy Country Living,http://downloads.esri.com/esri_content_doc/dbl/us/tapestry/segment26.pdf,0,0,0,0,384,3896,0,0,0,1460,0,842,0,0,252839.74044707505,2969257338.5388336
83,"(-10550166.597293014, 4776344.056688638)",29165,Platte County,Missouri,MO,427.441282828,21,6A,Green Acres,37497,502,1015,742,1501,1014,0,0,0,0,0,0,0,2722,1131,2369,2000,2044,818,1293,820,5042,442,0,0,0,0,2690,0,0,0,0,0,0,0,4561,0,338,2617,0,0,0,0,0,796,0,0,0,0,0,0,0,3036,0,0,0,0,0,0,0,0,0,0,0,0,0,0,0,4,6,Cozy Country Living,http://downloads.esri.com/esri_content_doc/dbl/us/tapestry/segment21.pdf,4774,0,0,6222,6975,5484,2690,7516,796,0,3036,0,0,0,211121.57627795445,1855437976.50448
84,"(-10397301.262192527, 4525422.043584626)",29167,Polk County,Missouri,MO,642.392597063,46,10A,Southern Satellites,11652,0,0,0,0,0,0,0,0,0,0,0,0,0,0,736,0,0,0,0,1314,626,0,0,618,0,591,0,0,0,0,0,0,0,0,0,0,0,0,0,0,0,0,0,0,0,2760,2340,0,0,0,0,0,0,613,0,0,0,2054,0,0,0,0,0,0,0,0,0,0,10,Rustic Outposts,http://downloads.esri.com/esri_content_doc/dbl/us/tapestry/segment46.pdf,0,0,0,736,1314,1835,0,0,0,5100,613,2054,0,0,216498.75108604366,2656277551.109417
85,"(-10264506.561385343, 4554711.3314984245)",29169,Pulaski County,Missouri,MO,551.591465622,15,4C,Middleburg,17041,0,0,0,0,0,0,0,0,0,0,0,0,0,0,4551,0,0,0,0,0,0,0,0,0,0,1390,707,0,0,0,0,0,0,0,2858,0,0,809,0,0,0,0,0,0,0,1714,1475,0,793,0,0,0,0,0,0,0,0,1061,0,0,0,0,0,0,1683,0,0,0,4,Family Landscapes,http://downloads.esri.com/esri_content_doc/dbl/us/tapestry/segment15.pdf,0,0,0,4551,0,1390,707,3667,0,3982,0,1061,0,1683,196335.2760686389,2293560886.6982865
86,"(-10354508.327409377, 4935789.51284319)",29171,Putnam County,Missouri,MO,519.448240822,47,10B,Rooted Rural,2169,0,0,0,0,0,0,0,0,0,0,0,0,0,0,0,0,0,0,0,0,0,0,0,266,511,302,0,0,0,0,0,0,0,0,0,0,0,0,0,0,0,0,0,0,0,0,656,0,0,0,0,0,0,0,0,0,0,434,0,0,0,0,0,0,0,0,0,0,10,Rustic Outposts,http://downloads.esri.com/esri_content_doc/dbl/us/tapestry/segment47.pdf,0,0,0,0,0,1079,0,0,0,656,0,434,0,0,276220.1785738837,2327766084.1861286
87,"(-10188181.452736015, 4797569.607434751)",29173,Ralls County,Missouri,MO,483.852105986,22,6B,Salt of the Earth,4175,0,0,0,0,0,0,0,0,0,0,0,0,0,0,0,0,0,0,0,0,388,1336,0,676,663,1112,0,0,0,0,0,0,0,0,0,0,0,0,0,0,0,0,0,0,0,0,0,0,0,0,0,0,0,0,0,0,0,0,0,0,0,0,0,0,0,0,0,0,6,Cozy Country Living,http://downloads.esri.com/esri_content_doc/dbl/us/tapestry/segment22.pdf,0,0,0,0,0,4175,0,0,0,0,0,0,0,0,209232.4422682384,2109137790.9646292
88,"(-10296728.075490484, 4784947.857292464)",29175,Randolph County,Missouri,MO,487.919288372,46,10A,Southern Satellites,9406,0,0,0,0,0,0,0,0,0,0,0,0,0,0,0,0,0,0,0,887,0,467,0,717,0,665,0,0,0,0,0,0,0,0,0,0,0,0,982,0,0,0,0,0,0,1894,1086,0,0,0,0,0,0,0,0,0,1181,1527,0,0,0,0,0,0,0,0,0,0,10,Rustic Outposts,http://downloads.esri.com/esri_content_doc/dbl/us/tapestry/segment46.pdf,0,0,0,0,887,1849,0,982,0,2980,0,2708,0,0,183782.6651004568,2121563957.5684485
89,"(-10462906.529424855, 4772307.257256836)",29177,Ray County,Missouri,MO,574.006398585,22,6B,Salt of the Earth,8878,0,0,0,0,0,0,0,0,0,0,0,0,0,0,888,0,0,0,0,0,0,3937,0,395,0,2000,0,0,0,0,0,0,0,0,0,0,0,0,0,0,0,0,0,0,0,0,187,0,0,0,0,0,0,0,0,0,356,1115,0,0,0,0,0,0,0,0,0,0,6,Cozy Country Living,http://downloads.esri.com/esri_content_doc/dbl/us/tapestry/segment22.pdf,0,0,0,888,0,6332,0,0,0,187,0,1471,0,0,228111.55032985768,2489665351.8376765
90,"(-10126638.526696995, 4489786.505901898)",29179,Reynolds County,Missouri,MO,814.32496188,47,10B,Rooted Rural,2898,0,0,0,0,0,0,0,0,0,0,0,0,0,0,0,0,0,0,0,0,0,0,362,0,0,0,0,0,0,0,0,0,0,0,0,0,0,0,0,0,0,0,0,0,0,0,1908,628,0,0,0,0,0,0,0,0,0,0,0,0,0,0,0,0,0,0,0,0,10,Rustic Outposts,http://downloads.esri.com/esri_content_doc/dbl/us/tapestry/segment47.pdf,0,0,0,0,0,362,0,0,0,2536,0,0,0,0,287625.13327849616,3344582458.621575
91,"(-10114920.062473288, 4390840.4844293585)",29181,Ripley County,Missouri,MO,631.614816373,47,10B,Rooted Rural,5767,0,0,0,0,0,0,0,0,0,0,0,0,0,0,0,0,0,0,0,0,0,0,0,0,0,1048,0,0,0,0,0,0,0,0,0,0,0,0,0,0,0,0,300,0,0,676,2972,0,0,0,0,0,0,0,0,0,0,771,0,0,0,0,0,0,0,0,0,0,10,Rustic Outposts,http://downloads.esri.com/esri_content_doc/dbl/us/tapestry/segment47.pdf,0,0,0,0,0,1048,0,0,300,3648,0,771,0,0,211785.3633518497,2546569184.1255403
92,"(-10093869.615435781, 4690513.157454403)",29183,St. Charles County,Missouri,MO,592.482568462,13,4A,Soccer Moms,140938,1174,2975,5156,10426,0,0,0,0,0,0,0,0,27735,14948,6815,5161,7700,5672,5090,3178,13513,764,419,0,0,961,7984,0,428,0,0,0,0,0,4605,0,853,6166,0,0,0,0,0,1990,0,0,0,0,1226,0,0,1965,0,2313,0,0,669,1051,0,0,0,0,0,0,0,0,0,1,4,Family Landscapes,http://downloads.esri.com/esri_content_doc/dbl/us/tapestry/segment13.pdf,19731,0,0,49498,26801,15657,8412,11624,1990,1226,4278,1720,0,0,334210.53281347535,2528928680.9131575
93,"(-10439096.89091328, 4584708.967606726)",29185,St. Clair County,Missouri,MO,702.14214561,58,12C,Small Town Simplicity,4210,0,0,0,0,0,0,0,0,0,0,0,0,0,0,0,0,0,0,0,0,0,0,0,783,1262,0,0,0,0,0,0,0,0,0,0,0,0,0,0,0,0,0,0,0,0,0,835,0,0,0,0,0,0,0,0,0,0,1330,0,0,0,0,0,0,0,0,0,0,12,Hometown,http://downloads.esri.com/esri_content_doc/dbl/us/tapestry/segment58.pdf,0,0,0,0,0,2045,0,0,0,835,0,1330,0,0,235949.43644820663,2936351296.423085
94,"(-10040401.396056764, 4564535.889770814)",29186,Ste. Genevieve County,Missouri,MO,506.433701247,22,6B,Salt of the Earth,7016,0,0,0,0,0,0,0,0,0,0,0,0,0,0,0,0,0,0,0,606,0,3781,356,0,0,1382,0,0,0,0,0,0,0,0,0,0,0,0,0,0,0,0,0,0,0,891,0,0,0,0,0,0,0,0,0,0,0,0,0,0,0,0,0,0,0,0,0,0,6,Cozy Country Living,http://downloads.esri.com/esri_content_doc/dbl/us/tapestry/segment22.pdf,0,0,0,0,606,5519,0,0,0,891,0,0,0,0,217357.69839333562,2109743483.177212
95,"(-10071329.205619931, 4552694.586359573)",29187,St. Francois County,Missouri,MO,454.610266443,58,12C,Small Town Simplicity,24704,0,0,0,0,0,0,0,0,0,0,0,0,0,0,2523,0,702,0,0,833,0,849,2840,0,0,2876,0,0,0,0,0,0,0,0,0,0,0,0,66,0,0,0,354,1011,0,3365,0,271,0,507,0,0,0,579,0,0,3230,4698,0,0,0,0,0,0,0,0,0,0,12,Hometown,http://downloads.esri.com/esri_content_doc/dbl/us/tapestry/segment58.pdf,0,0,0,2523,1535,6565,0,66,1365,4143,579,7928,0,0,252806.1325819722,1889578321.9800644
96,"(-10068093.25082961, 4670371.940353241)",29189,St. Louis County,Missouri,MO,523.348515604,56,12A,Family Foundations,405109,26294,11893,0,22643,26651,8155,1347,0,526,3248,1923,0,10145,7967,3034,25984,25078,21169,21703,12550,6473,332,0,0,0,583,0,0,1007,0,0,0,0,11815,11297,0,6195,10954,3991,0,15405,599,0,10414,698,0,0,0,0,0,0,6694,2847,7033,8808,34978,16766,1060,14115,0,0,0,0,0,0,2734,0,1,12,Hometown,http://downloads.esri.com/esri_content_doc/dbl/us/tapestry/segment56.pdf,87481,10028,5171,21146,106484,7388,1007,44252,27116,0,25382,66919,0,2734,288118.39077168546,2225105280.3099413
97,"(-10375175.932304721, 4741325.844939944)",29195,Saline County,Missouri,MO,767.060384677,20,5E,Midlife Constants,9038,0,0,0,0,0,0,0,0,0,0,0,0,0,0,0,0,0,0,438,1425,0,989,0,977,0,1309,0,0,0,0,0,0,0,0,0,0,0,1328,633,0,0,0,0,0,0,0,685,0,0,0,0,0,0,0,0,0,713,541,0,0,0,0,0,0,0,0,0,0,5,GenXurban,http://downloads.esri.com/esri_content_doc/dbl/us/tapestry/segment20.pdf,0,0,0,0,1863,3275,0,1961,0,685,0,1254,0,0,281095.26693950576,3306786094.2376084
98,"(-10299382.317691686, 4934533.390992025)",29197,Schuyler County,Missouri,MO,308.178584174,47,10B,Rooted Rural,1802,0,0,0,0,0,0,0,0,0,0,0,0,0,0,0,0,0,0,0,0,0,0,0,0,0,245,0,0,0,0,0,0,0,0,0,0,0,0,0,0,0,0,0,0,0,0,1227,0,0,0,0,0,0,0,0,0,0,330,0,0,0,0,0,0,0,0,0,0,10,Rustic Outposts,http://downloads.esri.com/esri_content_doc/dbl/us/tapestry/segment47.pdf,0,0,0,0,0,245,0,0,0,1227,0,330,0,0,204047.97252373095,1380668490.50775
99,"(-10257757.794427482, 4931951.820119152)",29199,Scotland County,Missouri,MO,439.277824013,24,6D,Prairie Living,1905,0,0,0,0,0,0,0,0,0,0,0,0,0,0,0,0,0,0,0,0,0,0,0,1046,0,859,0,0,0,0,0,0,0,0,0,0,0,0,0,0,0,0,0,0,0,0,0,0,0,0,0,0,0,0,0,0,0,0,0,0,0,0,0,0,0,0,0,0,6,Cozy Country Living,http://downloads.esri.com/esri_content_doc/dbl/us/tapestry/segment24.pdf,0,0,0,0,0,1905,0,0,0,0,0,0,0,0,177904.93714196468,1966979573.6635938
100,"(-9970724.2884275, 4446519.318278504)",29201,Scott County,Missouri,MO,425.722456859,26,6F,Heartland Communities,15893,0,0,0,0,624,0,0,0,0,0,0,0,0,0,0,427,0,0,0,854,624,1696,0,0,0,3722,0,0,0,0,0,0,0,0,0,0,0,0,1215,0,0,0,0,0,460,2888,596,0,640,255,0,0,0,0,251,0,317,1059,265,0,0,0,0,0,0,0,0,0,6,Cozy Country Living,http://downloads.esri.com/esri_content_doc/dbl/us/tapestry/segment26.pdf,624,0,0,0,1281,6042,0,1215,460,4379,251,1641,0,0,216636.24671451366,1734355945.2757394
101,"(-10174654.036263868, 4461128.40923682)",29203,Shannon County,Missouri,MO,1003.88076255,47,10B,Rooted Rural,3514,0,0,0,0,0,0,0,0,0,0,0,0,0,0,0,0,0,0,0,0,0,0,0,0,0,0,0,0,0,0,0,0,0,0,0,0,0,0,0,0,0,0,0,0,0,0,2220,0,0,641,0,0,0,0,0,0,0,653,0,0,0,0,0,0,0,0,0,0,10,Rustic Outposts,http://downloads.esri.com/esri_content_doc/dbl/us/tapestry/segment47.pdf,0,0,0,0,0,0,0,0,0,2861,0,653,0,0,294367.6666836709,4100941815.592174
102,"(-10249917.373236673, 4836620.04420483)",29205,Shelby County,Missouri,MO,502.144232709,26,6F,Heartland Communities,2564,0,0,0,0,0,0,0,0,0,0,0,0,0,0,0,0,0,0,0,0,0,0,0,844,0,1297,0,0,0,0,0,0,0,0,0,0,0,0,0,0,0,0,0,0,0,0,423,0,0,0,0,0,0,0,0,0,0,0,0,0,0,0,0,0,0,0,0,0,6,Cozy Country Living,http://downloads.esri.com/esri_content_doc/dbl/us/tapestry/segment26.pdf,0,0,0,0,0,2141,0,0,0,423,0,0,0,0,201062.04723412785,2205911487.88248
103,"(-10012554.017224576, 4419045.255279558)",29207,Stoddard County,Missouri,MO,829.023877591,47,10B,Rooted Rural,12446,0,0,0,0,0,0,0,0,0,0,0,0,0,0,0,0,0,0,0,0,0,1565,0,491,0,2126,0,0,0,0,0,0,0,0,0,0,0,0,385,0,0,0,0,0,0,278,3663,0,0,441,0,0,0,0,0,0,0,3497,0,0,0,0,0,0,0,0,0,0,10,Rustic Outposts,http://downloads.esri.com/esri_content_doc/dbl/us/tapestry/segment47.pdf,0,0,0,0,0,4182,0,385,0,4382,0,3497,0,0,315071.2500969729,3360071948.0646987
104,"(-10403474.473965568, 4403958.053542667)",29209,Stone County,Missouri,MO,510.558977808,25,6E,Rural Resort Dwellers,13707,0,0,0,0,0,0,0,0,0,0,0,0,0,0,0,0,0,0,0,0,0,285,1085,602,4111,924,0,0,0,0,0,0,0,0,0,0,0,0,0,1358,0,0,2253,0,0,988,1651,0,0,0,0,0,0,0,0,0,0,450,0,0,0,0,0,0,0,0,0,0,6,Cozy Country Living,http://downloads.esri.com/esri_content_doc/dbl/us/tapestry/segment25.pdf,0,0,0,0,0,7007,0,0,3611,2639,0,450,0,0,207651.61113026008,2063513101.9004881
105,"(-10365127.949164726, 4896632.453457074)",29211,Sullivan County,Missouri,MO,651.542225632,47,10B,Rooted Rural,2699,0,0,0,0,0,0,0,0,0,0,0,0,0,0,0,0,0,0,0,0,0,0,0,0,0,390,0,0,0,426,0,0,0,0,0,0,0,0,0,0,0,0,0,0,0,0,849,0,393,0,0,0,0,0,0,0,272,369,0,0,0,0,0,0,0,0,0,0,10,Rustic Outposts,http://downloads.esri.com/esri_content_doc/dbl/us/tapestry/segment47.pdf,0,0,0,0,0,390,426,0,0,1242,0,641,0,0,216642.27868672335,2896772621.481921
106,"(-10357292.25311949, 4391110.985923548)",29213,Taney County,Missouri,MO,651.646108329,38,8F,Old and Newcomers,22049,0,0,0,0,0,0,0,0,0,0,0,0,0,0,1782,0,1593,0,900,570,0,0,3761,449,1943,0,0,0,0,0,0,0,0,0,0,0,0,4426,0,0,0,0,1998,296,0,1586,791,0,1639,0,0,0,0,315,0,0,0,0,0,0,0,0,0,0,0,0,0,0,8,Middle Ground,http://downloads.esri.com/esri_content_doc/dbl/us/tapestry/segment38.pdf,0,0,0,1782,3063,6153,0,4426,2294,4016,315,0,0,0,208447.60323401648,2627466718.838199
107,"(-10237506.597159516, 4483488.739909483)",29215,Texas County,Missouri,MO,1179.3019677,47,10B,Rooted Rural,10256,0,0,0,0,0,0,0,0,0,0,0,0,0,0,499,0,0,0,0,563,0,0,0,0,0,752,0,0,0,0,0,0,0,0,0,0,0,0,0,0,0,0,0,0,0,0,6053,0,0,352,0,0,0,0,0,0,0,2037,0,0,0,0,0,0,0,0,0,0,10,Rustic Outposts,http://downloads.esri.com/esri_content_doc/dbl/us/tapestry/segment47.pdf,0,0,0,499,563,752,0,0,0,6405,0,2037,0,0,289194.4143777558,4837859989.692815
108,"(-10502151.958491517, 4558378.0654682955)",29217,Vernon County,Missouri,MO,836.797609946,24,6D,Prairie Living,8535,0,0,0,0,0,0,0,0,0,0,0,0,0,0,0,448,0,0,395,0,0,0,0,2915,0,422,0,0,0,0,0,0,0,0,0,0,0,0,0,0,0,0,0,426,0,460,811,0,0,0,0,0,0,558,0,0,828,1272,0,0,0,0,0,0,0,0,0,0,6,Cozy Country Living,http://downloads.esri.com/esri_content_doc/dbl/us/tapestry/segment24.pdf,0,0,0,0,843,3337,0,0,426,1271,558,2100,0,0,262802.5172273024,3481904695.233305
109,"(-10147965.782693574, 4688025.405291258)",29219,Warren County,Missouri,MO,437.661241165,15,4C,Middleburg,12804,0,0,0,0,0,0,0,0,0,0,0,0,0,0,4697,0,0,0,0,0,1349,2483,0,0,953,0,0,0,0,0,0,0,0,0,0,0,540,0,596,0,0,0,662,0,0,0,0,0,1282,0,0,0,0,0,0,0,0,242,0,0,0,0,0,0,0,0,0,0,4,Family Landscapes,http://downloads.esri.com/esri_content_doc/dbl/us/tapestry/segment15.pdf,0,0,0,4697,0,4785,0,1136,662,1282,0,242,0,0,219294.1180070776,1867190823.489908
110,"(-10116426.866155073, 4574059.985996759)",29221,Washington County,Missouri,MO,762.578501472,47,10B,Rooted Rural,9540,0,0,0,0,0,0,0,0,0,0,0,0,0,0,0,0,0,0,0,0,0,0,0,0,0,445,0,0,0,0,0,0,0,0,0,0,0,0,0,0,0,0,0,0,0,2231,2621,913,1606,828,0,0,0,0,0,0,0,896,0,0,0,0,0,0,0,0,0,0,10,Rustic Outposts,http://downloads.esri.com/esri_content_doc/dbl/us/tapestry/segment47.pdf,0,0,0,0,0,445,0,0,0,8199,0,896,0,0,233457.26618745673,3182599414.608503
111,"(-10070119.076151535, 4454839.355646043)",29223,Wayne County,Missouri,MO,774.074682839,47,10B,Rooted Rural,5526,0,0,0,0,0,0,0,0,0,0,0,0,0,0,0,0,0,0,0,0,0,284,0,0,0,560,0,0,0,0,0,0,0,0,0,0,0,0,0,0,0,0,1187,0,0,0,1903,0,0,817,0,0,0,0,0,0,0,775,0,0,0,0,0,0,0,0,0,0,10,Rustic Outposts,http://downloads.esri.com/esri_content_doc/dbl/us/tapestry/segment47.pdf,0,0,0,0,0,844,0,0,1187,2720,0,775,0,0,259810.7059432134,3158434311.2495127
112,"(-10338896.68313678, 4478367.141690413)",29225,Webster County,Missouri,MO,593.759316973,46,10A,Southern Satellites,13299,0,0,0,0,0,0,0,0,0,0,0,0,0,0,1837,0,0,0,0,0,354,1928,0,322,0,1046,0,0,0,0,0,0,0,0,0,0,579,0,0,0,0,0,0,0,0,5198,500,0,0,0,0,0,0,0,0,0,0,1535,0,0,0,0,0,0,0,0,0,0,10,Rustic Outposts,http://downloads.esri.com/esri_content_doc/dbl/us/tapestry/segment46.pdf,0,0,0,1837,0,3650,0,579,0,5698,0,1535,0,0,204603.4200583755,2433435717.9354215
113,"(-10511016.652344428, 4935826.306326983)",29227,Worth County,Missouri,MO,266.84803017,24,6D,Prairie Living,944,0,0,0,0,0,0,0,0,0,0,0,0,0,0,0,0,0,0,0,0,0,0,0,569,0,375,0,0,0,0,0,0,0,0,0,0,0,0,0,0,0,0,0,0,0,0,0,0,0,0,0,0,0,0,0,0,0,0,0,0,0,0,0,0,0,0,0,0,6,Cozy Country Living,http://downloads.esri.com/esri_content_doc/dbl/us/tapestry/segment24.pdf,0,0,0,0,0,944,0,0,0,0,0,0,0,0,147502.5700606239,1195816799.3200464
114,"(-10293567.769290632, 4476868.233059843)",29229,Wright County,Missouri,MO,683.011720045,47,10B,Rooted Rural,7625,0,0,0,0,0,0,0,0,0,0,0,0,0,0,0,0,0,0,0,0,0,0,0,371,0,519,0,0,0,0,0,0,0,0,0,0,0,0,0,0,0,0,0,0,0,652,3017,0,0,938,0,0,0,0,0,0,0,2128,0,0,0,0,0,0,0,0,0,0,10,Rustic Outposts,http://downloads.esri.com/esri_content_doc/dbl/us/tapestry/segment47.pdf,0,0,0,0,0,890,0,0,0,4607,0,2128,0,0,215977.87884393538,2798434560.145869
115,"(-10046047.715698577, 4669644.656605023)",29510,St. Louis city,Missouri,MO,65.9726276555,34,8B,Emerald City,142916,0,0,0,0,0,531,0,0,0,1951,16333,604,0,0,0,0,3102,2899,2954,316,0,0,0,0,0,0,0,0,0,0,0,0,1356,29874,240,0,5912,2448,6478,0,349,0,0,605,5582,0,0,0,0,0,518,1364,3763,10451,12406,4339,997,315,22826,311,0,0,1495,0,0,1409,1188,0,8,Middle Ground,http://downloads.esri.com/esri_content_doc/dbl/us/tapestry/segment34.pdf,0,531,18888,0,9271,0,0,46308,6536,0,28502,28477,1806,2597,86321.13711988591,280454470.27238464
